Order_Year,Order_Month,Sales,Region_East,Region_South,Region_West,City_Grouped_Columbus,City_Grouped_Detroit,City_Grouped_Houston,City_Grouped_Los Angeles,City_Grouped_New York City,City_Grouped_Other,City_Grouped_Philadelphia,City_Grouped_San Diego,City_Grouped_San Francisco,City_Grouped_Seattle,Pname
2017,6,23.976,False,False,False,False,False,False,False,False,False,False,False,False,False,0
2014,12,39.96,False,False,False,False,False,False,False,False,True,False,False,False,False,0
2015,11,39.96,False,True,False,False,False,False,False,False,True,False,False,False,False,0
2014,12,23.976,False,False,False,False,False,True,False,False,False,False,False,False,False,0
2015,12,79.92,False,False,True,False,False,False,True,False,False,False,False,False,False,0
2017,1,31.968,True,False,False,False,False,False,False,False,False,True,False,False,False,0
2016,4,111.888,False,False,True,False,False,False,False,False,True,False,False,False,False,0
2017,9,199.8,False,False,True,False,False,False,False,False,False,False,False,False,True,0
2016,10,47.952,False,True,False,False,False,False,False,False,True,False,False,False,False,1
2017,10,19.98,True,False,False,False,False,False,False,False,True,False,False,False,False,1
2014,5,139.86,True,False,False,False,False,False,False,False,True,False,False,False,False,1
2015,7,159.84,False,True,False,False,False,False,False,False,True,False,False,False,False,1
2016,1,79.92,False,False,True,False,False,False,False,False,False,False,False,False,True,1
2017,5,39.96,False,False,True,False,False,False,False,False,False,False,False,False,True,1
2015,3,33.568,True,False,False,False,False,False,False,False,True,False,False,False,False,2
2016,5,25.176,False,False,False,False,False,False,False,False,False,False,False,False,False,2
2017,8,16.784,False,False,False,False,False,True,False,False,False,False,False,False,False,2
2016,5,167.84,False,False,True,False,False,False,True,False,False,False,False,False,False,2
2017,10,41.96,False,False,True,False,False,False,False,False,True,False,False,False,False,2
2017,7,83.92,True,False,False,False,False,False,False,False,True,False,False,False,False,2
2014,6,22.2,False,True,False,False,False,False,False,False,True,False,False,False,False,3
2015,5,22.2,True,False,False,False,False,False,False,False,True,False,False,False,False,3
2017,12,2.96,False,False,False,False,False,False,False,False,True,False,False,False,False,3
2015,12,2.96,True,False,False,False,False,False,False,False,False,True,False,False,False,3
2017,4,23.68,False,True,False,False,False,False,False,False,True,False,False,False,False,3
2016,12,11.84,False,False,True,False,False,False,False,False,True,False,False,False,False,3
2017,12,7.4,False,False,True,False,False,False,False,False,False,False,False,False,True,3
2016,12,14.8,False,False,True,False,False,False,False,False,True,False,False,False,False,3
2015,3,22.38,False,False,False,False,False,True,False,False,False,False,False,False,False,4
2016,12,111.9,False,False,True,False,False,False,True,False,False,False,False,False,False,4
2016,5,44.76,False,True,False,False,False,False,False,False,True,False,False,False,False,4
2016,11,37.3,False,False,False,False,False,False,False,False,True,False,False,False,False,4
2017,11,821.88,False,True,False,False,False,False,False,False,True,False,False,False,False,5
2017,4,273.96,False,False,False,False,False,False,False,False,True,False,False,False,False,5
2014,9,821.88,False,False,False,False,False,False,False,False,True,False,False,False,False,5
2016,11,273.96,False,True,False,False,False,False,False,False,True,False,False,False,False,5
2017,12,9.708,False,False,False,False,False,True,False,False,False,False,False,False,False,6
2016,9,58.248,True,False,False,False,False,False,False,False,False,True,False,False,False,6
2016,9,24.27,False,False,True,False,False,False,False,False,False,False,False,True,False,6
2017,9,32.36,False,False,True,False,False,False,False,False,False,False,False,True,False,6
2014,8,44.128,False,True,False,False,False,False,False,False,True,False,False,False,False,7
2014,7,124.11,True,False,False,False,False,False,False,False,True,False,False,False,False,7
2017,11,27.58,False,True,False,False,False,False,False,False,True,False,False,False,False,7
2015,10,11.032,False,False,True,False,False,False,False,False,True,False,False,False,False,7
2017,11,41.37,False,False,True,False,False,False,False,False,True,False,False,False,False,7
2017,11,96.53,True,False,False,False,False,False,False,True,False,False,False,False,False,7
2016,2,68.95,True,False,False,False,False,False,False,False,True,False,False,False,False,7
2016,5,41.37,True,False,False,False,False,False,False,False,True,False,False,False,False,7
2016,2,18.69,False,True,False,False,False,False,False,False,True,False,False,False,False,8
2017,12,8.544,False,False,True,False,False,False,False,False,True,False,False,False,False,8
2017,5,8.01,False,True,False,False,False,False,False,False,True,False,False,False,False,8
2015,9,21.36,False,True,False,False,False,False,False,False,True,False,False,False,False,8
2014,8,10.68,True,False,False,False,False,False,False,False,True,False,False,False,False,8
2015,3,6.408,False,True,False,False,False,False,False,False,True,False,False,False,False,8
2015,10,16.02,False,False,True,False,False,False,False,False,False,False,False,True,False,8
2014,6,4.272,False,False,True,False,False,False,False,False,True,False,False,False,False,8
2017,5,247.44,True,False,False,False,False,False,False,False,True,False,False,False,False,9
2017,3,30.93,False,False,True,False,False,False,False,False,True,False,False,False,False,9
2016,7,185.58,False,True,False,False,False,False,False,False,True,False,False,False,False,9
2015,11,185.58,False,False,False,False,False,False,False,False,True,False,False,False,False,9
2015,6,173.208,False,True,False,False,False,False,False,False,True,False,False,False,False,9
2016,3,21.88,True,False,False,True,False,False,False,False,False,False,False,False,False,10
2014,4,5.47,False,False,False,False,True,False,False,False,False,False,False,False,False,10
2017,12,8.752,False,False,False,False,False,True,False,False,False,False,False,False,False,10
2016,11,38.29,False,False,True,False,False,False,False,False,False,False,False,True,False,10
2014,9,13.128,False,True,False,False,False,False,False,False,True,False,False,False,False,10
2017,3,61.0,False,True,False,False,False,False,False,False,True,False,False,False,False,11
2015,9,24.4,False,False,True,False,False,False,True,False,False,False,False,False,False,11
2017,6,19.52,False,True,False,False,False,False,False,False,True,False,False,False,False,11
2014,7,19.52,False,True,False,False,False,False,False,False,True,False,False,False,False,11
2015,11,36.6,False,False,True,False,False,False,False,False,False,False,True,False,False,11
2016,8,109.8,False,True,False,False,False,False,False,False,True,False,False,False,False,11
2016,10,61.1,False,True,False,False,False,False,False,False,True,False,False,False,False,12
2016,9,68.432,False,False,True,False,False,False,False,False,True,False,False,False,False,12
2016,9,12.22,False,False,False,False,True,False,False,False,False,False,False,False,False,12
2017,9,29.328,False,False,True,False,False,False,False,False,True,False,False,False,False,12
2014,6,73.32,False,False,True,False,False,False,False,False,True,False,False,False,False,12
2015,9,27.414,True,False,False,False,False,False,False,True,False,False,False,False,False,13
2017,10,24.368,False,False,True,False,False,False,False,False,False,False,False,True,False,13
2017,1,62.72,False,True,False,True,False,False,False,False,False,False,False,False,False,14
2015,8,47.04,True,False,False,False,False,False,False,True,False,False,False,False,False,14
2016,6,47.04,True,False,False,False,False,False,False,False,True,False,False,False,False,14
2017,11,327.7328,False,False,False,False,False,False,False,False,True,False,False,False,False,15
2016,3,72.294,False,False,True,False,False,False,False,False,True,False,False,False,False,15
2017,9,782.94,True,False,False,False,False,False,False,False,True,False,False,False,False,16
2016,1,1565.88,False,False,False,False,False,False,False,False,True,False,False,False,False,16
2015,7,913.43,False,False,False,False,False,False,False,False,True,False,False,False,False,16
2015,12,532.3992,False,False,False,False,False,True,False,False,False,False,False,False,False,16
2016,10,1043.92,True,False,False,False,False,False,False,False,True,False,False,False,False,16
2015,10,626.352,True,False,False,False,False,False,False,True,False,False,False,False,False,16
2014,11,521.96,True,False,False,False,False,False,False,False,True,False,False,False,False,16
2015,8,1552.831,False,False,True,False,False,False,False,False,False,False,False,True,False,16
2017,7,1194.165,False,False,True,False,False,False,False,False,True,False,False,False,False,17
2015,12,590.058,False,False,True,False,False,False,False,False,True,False,False,False,False,17
2015,10,899.136,True,False,False,False,False,False,False,True,False,False,False,False,False,17
2015,12,449.568,True,False,False,False,False,False,False,True,False,False,False,False,False,17
2016,9,477.666,False,False,True,False,False,False,False,False,False,False,False,True,False,17
2014,12,1573.488,True,False,False,False,False,False,False,False,True,False,False,False,False,17
2017,5,204.6664,False,False,False,False,False,False,False,False,True,False,False,False,False,18
2017,9,180.588,False,False,True,False,False,False,False,False,True,False,False,False,False,18
2015,3,1227.9984,False,False,False,False,False,True,False,False,False,False,False,False,False,18
2015,11,613.9992,False,False,False,False,False,True,False,False,False,False,False,False,False,18
2017,3,1023.332,False,False,False,False,False,True,False,False,False,False,False,False,False,18
2016,9,722.352,True,False,False,False,False,False,False,True,False,False,False,False,False,18
2017,2,240.784,True,False,False,False,False,False,False,True,False,False,False,False,False,18
2016,7,1279.165,False,False,True,False,False,False,False,False,False,False,False,True,False,18
2016,11,876.3,False,True,False,False,False,False,False,False,True,False,False,False,False,19
2017,11,219.075,False,False,False,False,False,False,False,False,False,False,False,False,False,19
2014,11,292.1,False,False,False,False,False,False,False,False,True,False,False,False,False,19
2016,8,562.2925,False,True,False,False,False,False,False,False,True,False,False,False,False,19
2017,3,292.1,False,True,False,False,False,False,False,False,True,False,False,False,False,19
2017,1,210.98,False,False,False,False,True,False,False,False,False,False,False,False,False,20
2016,3,189.882,False,True,False,False,False,False,False,False,True,False,False,False,False,20
2014,8,174.0585,False,True,False,False,False,False,False,False,True,False,False,False,False,20
2015,10,253.176,False,False,True,False,False,False,False,False,False,False,False,True,False,20
2017,10,1875.258,False,True,False,False,False,False,False,False,True,False,False,False,False,21
2014,3,1071.576,True,False,False,False,False,False,False,True,False,False,False,False,False,21
2016,11,2678.94,False,False,False,False,False,False,False,False,True,False,False,False,False,21
2017,1,892.98,False,False,True,False,False,False,False,False,False,False,False,False,True,21
2017,1,69.375,False,False,False,False,False,False,False,False,True,False,False,False,False,22
2014,5,194.25,True,False,False,False,False,False,False,False,True,False,False,False,False,22
2017,11,166.5,True,False,False,False,False,False,False,True,False,False,False,False,False,22
2014,1,333.0,False,False,True,False,False,False,False,False,False,False,True,False,False,22
2015,8,277.5,False,False,True,False,False,False,False,False,True,False,False,False,False,22
2014,7,70.56,True,False,False,False,False,False,False,False,True,False,False,False,False,23
2016,8,161.28,False,False,True,False,False,False,True,False,False,False,False,False,False,23
2017,6,120.96,False,True,False,False,False,False,False,False,True,False,False,False,False,23
2016,8,241.92,True,False,False,False,False,False,False,False,False,True,False,False,False,23
2015,2,493.92,True,False,False,False,False,False,False,False,True,False,False,False,False,23
2016,8,136.464,False,False,True,False,False,False,True,False,False,False,False,False,False,24
2014,12,254.9745,False,False,True,False,False,False,False,False,True,False,False,False,False,25
2016,9,424.9575,False,False,True,False,False,False,False,False,True,False,False,False,False,25
2014,11,67.9932,False,False,False,False,False,True,False,False,False,False,False,False,False,25
2017,5,89.991,False,False,True,False,False,False,False,False,True,False,False,False,False,25
2015,11,299.97,True,False,False,False,False,False,False,False,True,False,False,False,False,25
2014,5,349.965,True,False,False,False,False,False,False,False,False,True,False,False,False,25
2017,5,209.979,False,False,True,False,False,False,False,False,True,False,False,False,False,25
2017,10,199.98,False,False,True,False,False,False,False,False,False,False,False,False,True,25
2014,4,99.592,False,False,True,False,False,False,False,False,True,False,False,False,False,26
2015,8,622.45,False,False,False,False,True,False,False,False,False,False,False,False,False,26
2016,5,298.776,False,False,True,False,False,False,False,False,True,False,False,False,False,26
2017,10,248.98,False,False,False,False,False,False,False,False,True,False,False,False,False,26
2017,12,896.328,False,False,True,False,False,False,True,False,False,False,False,False,False,26
2016,5,174.286,True,False,False,False,False,False,False,False,True,False,False,False,False,26
2017,5,373.47,True,False,False,False,False,False,False,False,False,True,False,False,False,26
2015,12,1618.37,False,False,True,False,False,False,False,False,False,False,False,False,True,26
2014,9,617.7,False,False,False,False,False,False,False,False,True,False,False,False,False,27
2017,4,411.8,False,True,False,True,False,False,False,False,False,False,False,False,False,27
2017,12,411.8,False,False,False,False,True,False,False,False,False,False,False,False,False,27
2014,6,1441.3,False,True,False,False,False,False,False,False,True,False,False,False,False,27
2016,5,370.62,False,True,False,False,False,False,False,False,True,False,False,False,False,27
2016,2,550.431,True,False,False,False,False,False,False,False,True,False,False,False,False,28
2014,11,629.064,False,False,True,False,False,False,True,False,False,False,False,False,False,28
2015,7,393.165,False,False,True,False,False,False,False,False,True,False,False,False,False,28
2017,10,262.11,False,False,False,False,False,False,False,False,True,False,False,False,False,28
2017,8,314.532,True,False,False,False,False,False,False,False,False,True,False,False,False,28
2016,9,393.165,False,False,True,False,False,False,False,False,True,False,False,False,False,28
2017,10,652.45,False,False,False,False,False,False,False,False,True,False,False,False,False,29
2017,1,913.43,False,False,False,False,False,False,False,False,True,False,False,False,False,29
2016,11,313.176,True,False,False,False,False,False,False,True,False,False,False,False,False,29
2016,12,313.176,True,False,False,False,False,False,False,True,False,False,False,False,False,29
2015,11,1252.704,True,False,False,False,False,False,False,False,False,True,False,False,False,29
2014,3,626.352,False,False,True,False,False,False,False,False,False,False,True,False,False,29
2014,9,2348.82,False,False,True,False,False,False,False,False,False,False,False,False,True,29
2017,12,521.96,False,False,True,False,False,False,False,False,False,False,False,False,True,29
2016,3,145.98,False,False,False,False,False,False,False,False,False,False,False,False,False,30
2015,12,364.95,False,False,True,False,False,False,False,False,True,False,False,False,False,30
2014,11,145.98,False,False,True,False,False,False,False,False,True,False,False,False,False,30
2017,11,350.352,True,False,False,False,False,False,False,False,False,True,False,False,False,30
2014,10,1298.55,False,False,True,False,False,False,False,False,True,False,False,False,False,31
2016,1,181.797,True,False,False,False,False,False,False,False,True,False,False,False,False,31
2017,12,934.956,False,True,False,False,False,False,False,False,True,False,False,False,False,31
2015,11,1038.84,False,False,True,False,False,False,True,False,False,False,False,False,False,31
2015,7,1090.782,True,False,False,False,False,False,False,True,False,False,False,False,False,31
2014,3,376.509,False,False,False,False,False,True,False,False,False,False,False,False,False,32
2014,10,143.432,False,False,True,False,False,False,True,False,False,False,False,False,False,32
2017,6,307.314,False,False,False,False,False,False,False,False,True,False,False,False,False,33
2017,9,512.19,False,False,False,False,False,True,False,False,False,False,False,False,False,33
2014,7,351.216,False,False,True,False,False,False,True,False,False,False,False,False,False,33
2015,11,1024.38,False,False,False,False,False,False,False,False,True,False,False,False,False,33
2015,1,102.438,False,False,False,False,False,False,False,False,True,False,False,False,False,33
2014,6,268.935,False,False,False,False,False,False,False,False,True,False,False,False,False,34
2017,10,251.006,False,False,False,False,False,False,False,False,True,False,False,False,False,34
2017,7,215.148,True,False,False,False,False,False,False,False,True,False,False,False,False,34
2014,11,573.728,False,False,True,False,False,False,True,False,False,False,False,False,False,34
2015,7,358.58,False,True,False,False,False,False,False,False,True,False,False,False,False,34
2017,12,1004.024,False,False,True,False,False,False,False,False,False,False,False,True,False,34
2017,8,230.28,False,False,True,False,False,False,False,False,True,False,False,False,False,35
2014,4,230.28,False,False,True,False,False,False,True,False,False,False,False,False,False,35
2016,4,383.8,False,False,True,False,False,False,True,False,False,False,False,False,False,35
2016,11,470.155,True,False,False,False,False,False,False,False,False,True,False,False,False,35
2016,7,230.28,False,False,True,False,False,False,False,False,True,False,False,False,False,35
2014,12,230.28,False,False,True,False,False,False,False,False,False,False,False,True,False,35
2017,3,933.408,False,False,False,False,False,False,False,False,True,False,False,False,False,36
2014,5,700.056,True,False,False,False,False,False,False,False,True,False,False,False,False,36
2016,12,400.032,True,False,False,False,False,False,False,False,True,False,False,False,False,36
2017,9,765.625,False,False,False,False,False,False,False,False,False,False,False,False,False,37
2014,8,218.75,False,False,True,False,False,False,False,False,True,False,False,False,False,37
2017,12,721.875,False,True,False,False,False,False,False,False,True,False,False,False,False,37
2014,11,1218.735,False,False,False,False,False,False,False,False,True,False,False,False,False,38
2015,11,696.42,False,False,True,False,False,False,False,False,True,False,False,False,False,38
2015,4,191.5155,False,True,False,False,False,False,False,False,True,False,False,False,False,38
2015,10,957.5775,False,True,False,False,False,False,False,False,True,False,False,False,False,38
2017,6,1044.63,True,False,False,False,False,False,False,True,False,False,False,False,False,38
2015,9,1044.63,False,False,True,False,False,False,False,False,True,False,False,False,False,38
2017,12,974.988,False,False,False,False,False,False,False,False,True,False,False,False,False,38
2016,12,1114.272,False,False,True,False,False,False,False,False,True,False,False,False,False,38
2015,12,801.96,False,False,False,False,False,False,False,False,True,False,False,False,False,39
2016,8,2887.056,False,False,True,False,False,False,True,False,False,False,False,False,False,39
2015,9,801.96,False,True,False,False,False,False,False,False,True,False,False,False,False,39
2015,9,481.176,True,False,False,False,False,False,False,True,False,False,False,False,False,39
2014,8,1202.94,False,True,False,False,False,False,False,False,True,False,False,False,False,39
2016,9,601.47,False,False,False,False,False,False,False,False,True,False,False,False,False,39
2015,12,1053.164,True,False,False,False,False,False,False,False,True,False,False,False,False,40
2014,12,3610.848,False,False,True,False,False,False,False,False,True,False,False,False,False,40
2017,10,1504.52,False,True,False,False,False,False,False,False,True,False,False,False,False,40
2017,12,526.582,True,False,False,False,False,False,False,False,True,False,False,False,False,40
2016,6,902.712,False,False,True,False,False,False,True,False,False,False,False,False,False,40
2016,12,902.712,False,False,True,False,False,False,True,False,False,False,False,False,False,40
2014,3,1579.746,True,False,False,False,False,False,False,True,False,False,False,False,False,40
2017,5,300.904,False,False,True,False,False,False,False,False,False,False,False,True,False,40
2017,9,300.904,False,False,True,False,False,False,False,False,False,False,False,True,False,40
2016,12,564.195,False,False,True,False,False,False,False,False,True,False,False,False,False,40
2017,4,620.6145,False,True,False,False,False,False,False,False,True,False,False,False,False,40
2016,9,1128.39,False,False,True,False,False,False,False,False,True,False,False,False,False,40
2016,6,1335.68,False,False,True,False,False,False,True,False,False,False,False,False,False,41
2017,12,1669.6,False,False,True,False,False,False,False,False,True,False,False,False,False,41
2016,1,626.1,False,False,False,False,False,False,False,False,True,False,False,False,False,41
2016,12,2003.52,False,False,True,False,False,False,False,False,False,False,False,True,False,41
2017,11,1781.682,False,True,False,False,False,False,False,False,True,False,False,False,False,42
2017,5,933.262,False,True,False,False,False,False,False,False,True,False,False,False,False,42
2015,1,1018.104,True,False,False,False,False,False,False,True,False,False,False,False,False,42
2017,9,254.526,True,False,False,False,False,False,False,True,False,False,False,False,False,42
2016,4,1272.63,False,False,True,False,False,False,False,False,True,False,False,False,False,42
2014,3,890.841,False,False,False,False,False,False,False,False,True,False,False,False,False,42
2015,3,3393.68,False,False,True,False,False,False,False,False,False,False,False,False,True,42
2014,4,744.1,False,False,False,False,False,True,False,False,False,False,False,False,False,43
2017,10,510.24,False,False,True,False,False,False,True,False,False,False,False,False,False,43
2015,12,1913.4,False,False,True,False,False,False,False,False,False,False,False,False,True,43
2017,4,233.86,False,True,False,False,False,False,False,False,True,False,False,False,False,43
2017,2,359.97,False,True,False,False,False,False,False,False,True,False,False,False,False,44
2015,5,509.9575,False,False,True,False,False,False,False,False,True,False,False,False,False,44
2017,2,203.983,False,False,True,False,False,False,False,False,True,False,False,False,False,44
2014,11,305.9745,False,False,True,False,False,False,True,False,False,False,False,False,False,44
2017,6,917.9235,False,False,True,False,False,False,True,False,False,False,False,False,False,44
2017,12,479.96000000000004,True,False,False,False,False,False,False,True,False,False,False,False,False,44
2016,2,239.98,False,True,False,False,False,False,False,False,True,False,False,False,False,44
2016,3,299.975,True,False,False,False,False,False,False,False,True,False,False,False,False,44
2016,10,239.372,True,False,False,False,False,False,False,False,True,False,False,False,False,45
2016,4,205.176,True,False,False,True,False,False,False,False,False,False,False,False,False,45
2015,12,273.568,False,False,True,False,False,False,True,False,False,False,False,False,False,45
2017,11,718.116,False,False,False,False,False,False,False,False,True,False,False,False,False,45
2017,9,825.174,False,False,False,False,False,False,False,False,False,False,False,False,False,46
2017,3,441.96,True,False,False,False,False,False,False,False,True,False,False,False,False,47
2015,10,66.294,False,False,True,False,False,False,False,False,True,False,False,False,False,47
2017,12,220.98,True,False,False,False,False,False,False,False,True,False,False,False,False,47
2016,6,1293.488,False,False,True,False,False,False,False,False,True,False,False,False,False,48
2016,6,692.94,False,False,False,False,False,False,False,False,True,False,False,False,False,48
2017,7,138.588,True,False,False,False,False,False,False,False,False,True,False,False,False,48
2017,9,1478.272,False,False,True,False,False,False,False,False,False,False,False,True,False,48
2014,9,493.43,False,False,False,False,False,False,False,False,False,False,False,False,False,49
2017,9,239.666,False,False,True,False,False,False,False,False,True,False,False,False,False,49
2015,3,383.4656,False,False,False,False,False,True,False,False,False,False,False,False,False,49
2016,6,838.8309999999999,False,False,True,False,False,False,True,False,False,False,False,False,False,49
2015,4,352.45,True,False,False,False,False,False,False,False,False,True,False,False,False,49
2014,3,1198.33,False,False,True,False,False,False,False,False,False,False,False,True,False,49
2014,7,119.833,False,False,True,False,False,False,False,False,False,False,False,True,False,49
2017,3,205.3328,False,False,False,False,False,False,False,False,True,False,False,False,False,50
2015,7,301.96,True,False,False,False,False,False,False,False,True,False,False,False,False,50
2017,6,241.568,False,True,False,False,False,False,False,False,True,False,False,False,False,50
2017,12,119.833,False,False,True,False,False,False,False,False,True,False,False,False,False,51
2017,5,314.352,False,True,False,False,False,False,False,False,True,False,False,False,False,52
2016,11,261.96,False,True,False,False,False,False,False,False,True,False,False,False,False,52
2016,4,556.665,False,False,True,False,False,False,True,False,False,False,False,False,False,52
2017,8,130.98,True,False,False,False,False,False,False,False,False,True,False,False,False,52
2015,12,69.576,False,False,True,False,False,False,False,False,True,False,False,False,False,53
2016,12,405.86,False,False,False,False,False,False,False,False,True,False,False,False,False,53
2016,9,173.94,True,False,False,False,False,False,False,False,True,False,False,False,False,53
2016,10,90.882,False,False,True,False,False,False,False,False,True,False,False,False,False,54
2016,12,141.372,False,False,False,False,False,False,False,False,False,False,False,False,False,55
2017,11,205.9992,False,False,False,False,False,False,False,False,True,False,False,False,False,55
2016,4,257.499,False,False,True,False,False,False,False,False,True,False,False,False,False,55
2017,4,242.352,True,False,False,False,False,False,False,True,False,False,False,False,False,55
2017,12,323.136,True,False,False,False,False,False,False,True,False,False,False,False,False,55
2017,7,302.94,False,True,False,False,False,False,False,False,True,False,False,False,False,55
2017,5,115.96,True,False,False,False,False,False,False,False,True,False,False,False,False,56
2016,11,86.97,True,False,False,True,False,False,False,False,False,False,False,False,False,56
2016,1,173.94,True,False,False,False,False,False,False,False,True,False,False,False,False,56
2017,2,231.92,False,True,False,False,False,False,False,False,True,False,False,False,False,56
2017,4,344.981,False,False,True,False,False,False,True,False,False,False,False,False,False,56
2015,9,46.384,True,False,False,False,False,False,False,True,False,False,False,False,False,56
2015,7,231.92,False,True,False,False,False,False,False,False,True,False,False,False,False,56
2017,12,78.8528,False,False,False,False,False,False,False,False,True,False,False,False,False,56
2017,7,115.96,False,False,True,False,False,False,False,False,False,False,False,False,True,56
2016,9,15.136,False,False,True,False,False,False,False,False,True,False,False,False,False,57
2017,5,1.892,False,False,False,False,False,False,False,False,False,False,False,False,False,57
2015,10,33.11,False,True,False,False,False,False,False,False,True,False,False,False,False,57
2016,12,18.92,False,True,False,False,False,False,False,False,True,False,False,False,False,57
2014,4,33.11,False,False,True,False,False,False,True,False,False,False,False,False,False,57
2017,10,9.46,False,False,True,False,False,False,False,False,True,False,False,False,False,57
2017,12,11.352,True,False,False,False,False,False,False,False,False,True,False,False,False,57
2014,9,14.19,False,False,True,False,False,False,False,False,False,False,False,False,True,57
2016,9,109.48,True,False,False,False,False,False,False,False,True,False,False,False,False,58
2014,9,164.22,True,False,False,False,False,False,False,False,True,False,False,False,False,58
2015,10,131.376,False,False,False,False,False,False,False,False,True,False,False,False,False,58
2017,12,109.48,True,False,False,False,False,False,False,True,False,False,False,False,False,58
2017,1,34.58,False,False,False,False,False,False,False,False,True,False,False,False,False,59
2016,4,24.7,False,False,True,False,False,False,True,False,False,False,False,False,False,59
2017,9,19.76,False,False,True,False,False,False,True,False,False,False,False,False,False,59
2016,9,14.82,True,False,False,False,False,False,False,False,True,False,False,False,False,59
2017,11,19.76,False,False,False,False,False,False,False,False,True,False,False,False,False,59
2016,11,14.82,False,False,True,False,False,False,False,False,False,False,False,True,False,59
2017,7,7.904,False,True,False,False,False,False,False,False,True,False,False,False,False,59
2017,3,60.84,False,False,False,False,False,False,False,False,True,False,False,False,False,60
2017,11,101.4,True,False,False,False,False,False,False,True,False,False,False,False,False,60
2017,5,32.448,True,False,False,False,False,False,False,False,False,True,False,False,False,60
2017,2,480.96,False,False,False,False,False,False,False,False,False,False,False,False,False,61
2014,12,2244.48,False,True,False,False,False,False,False,False,True,False,False,False,False,61
2016,8,513.024,False,False,True,False,False,False,True,False,False,False,False,False,False,61
2017,6,384.768,True,False,False,False,False,False,False,True,False,False,False,False,False,61
2017,7,801.6,False,False,True,False,False,False,False,False,True,False,False,False,False,61
2017,10,673.344,True,False,False,False,False,False,False,False,True,False,False,False,False,61
2016,9,1652.94,False,True,False,False,False,False,False,False,True,False,False,False,False,62
2014,10,385.686,True,False,False,False,False,False,False,False,True,False,False,False,False,62
2016,10,661.176,True,False,False,False,False,False,False,False,True,False,False,False,False,62
2014,6,991.764,True,False,False,False,False,False,False,False,True,False,False,False,False,62
2016,10,330.588,True,False,False,False,False,False,False,True,False,False,False,False,False,62
2014,12,275.49,False,False,True,False,False,False,False,False,True,False,False,False,False,62
2015,1,4297.644,False,True,False,False,False,False,False,False,True,False,False,False,False,63
2016,12,1652.94,False,False,False,False,True,False,False,False,False,False,False,False,False,63
2017,10,2314.116,False,True,False,False,False,False,False,False,True,False,False,False,False,63
2017,9,1322.352,False,False,True,False,False,False,True,False,False,False,False,False,False,63
2014,3,330.588,True,False,False,False,False,False,False,False,True,False,False,False,False,63
2017,6,108.925,False,False,False,False,False,False,False,False,False,False,False,False,False,64
2017,6,457.485,False,False,False,False,False,False,False,False,True,False,False,False,False,64
2015,4,609.98,False,False,False,False,False,False,False,False,True,False,False,False,False,64
2015,11,653.55,False,False,False,False,False,False,False,False,True,False,False,False,False,64
2014,4,653.55,False,False,True,False,False,False,False,False,False,False,False,False,True,64
2017,6,871.4,False,False,True,False,False,False,False,False,False,False,False,False,True,64
2017,10,284.364,True,False,False,False,False,False,False,False,True,False,False,False,False,65
2014,5,355.455,False,False,False,False,False,False,False,False,True,False,False,False,False,65
2014,6,1706.184,False,False,True,False,False,False,True,False,False,False,False,False,False,65
2016,9,568.728,False,False,True,False,False,False,True,False,False,False,False,False,False,65
2017,10,189.576,False,False,True,False,False,False,True,False,False,False,False,False,False,65
2015,8,284.364,True,False,False,False,False,False,False,True,False,False,False,False,False,65
2016,10,142.182,True,False,False,False,False,False,False,True,False,False,False,False,False,65
2017,8,568.728,False,False,True,False,False,False,False,False,True,False,False,False,False,65
2014,8,853.092,True,False,False,False,False,False,False,False,False,True,False,False,False,65
2015,5,244.006,False,False,False,False,False,False,False,False,True,False,False,False,False,66
2016,12,366.009,True,False,False,False,False,False,False,False,True,False,False,False,False,66
2017,3,697.16,False,False,True,False,False,False,False,False,True,False,False,False,False,66
2016,11,1568.61,False,False,False,False,False,False,False,False,True,False,False,False,False,66
2016,9,383.438,False,True,False,False,False,False,False,False,True,False,False,False,False,66
2017,8,418.296,False,False,True,False,False,False,True,False,False,False,False,False,False,66
2016,1,313.722,True,False,False,False,False,False,False,True,False,False,False,False,False,66
2016,8,209.148,True,False,False,False,False,False,False,True,False,False,False,False,False,66
2016,3,697.16,False,False,False,False,False,False,False,False,True,False,False,False,False,66
2016,2,557.728,False,False,True,False,False,False,False,False,False,False,True,False,False,66
2017,11,1673.184,False,False,True,False,False,False,False,False,False,False,True,False,False,66
2016,3,244.006,True,False,False,False,False,False,False,False,True,False,False,False,False,66
2016,3,836.592,True,False,False,False,False,False,False,False,True,False,False,False,False,66
2017,11,28.4,False,False,False,False,False,False,False,False,True,False,False,False,False,67
2016,9,42.6,False,True,False,False,False,False,False,False,True,False,False,False,False,67
2015,11,42.6,False,False,True,False,False,False,True,False,False,False,False,False,False,67
2016,3,113.6,True,False,False,False,False,False,False,True,False,False,False,False,False,67
2015,2,28.4,False,False,False,False,False,False,False,False,True,False,False,False,False,67
2017,11,42.6,False,False,True,False,False,False,False,False,False,False,False,True,False,67
2016,11,77.952,True,False,False,True,False,False,False,False,False,False,False,False,False,68
2017,10,77.952,False,True,False,False,False,False,False,False,True,False,False,False,False,68
2015,1,227.36,False,False,True,False,False,False,True,False,False,False,False,False,False,68
2014,9,97.44,True,False,False,False,False,False,False,True,False,False,False,False,False,68
2016,5,51.968,True,False,False,False,False,False,False,False,True,False,False,False,False,68
2017,4,51.968,True,False,False,False,False,False,False,False,False,True,False,False,False,68
2014,12,51.968,False,False,True,False,False,False,False,False,True,False,False,False,False,68
2017,11,25.83,False,False,True,False,False,False,False,False,False,False,False,True,False,69
2014,5,10.332,False,False,False,False,False,False,False,False,True,False,False,False,False,69
2017,11,6.464,False,False,False,False,False,False,False,False,False,False,False,False,False,70
2016,10,51.712,False,False,False,False,False,True,False,False,False,False,False,False,False,70
2017,6,38.784,True,False,False,False,False,False,False,False,True,False,False,False,False,70
2015,11,96.96,False,False,True,False,False,False,False,False,False,False,True,False,False,70
2017,7,8.792,False,False,False,False,False,False,False,False,False,False,False,False,False,71
2014,6,61.544,False,False,False,False,False,False,False,False,True,False,False,False,False,71
2017,12,87.92,True,False,False,False,False,False,False,False,False,True,False,False,False,71
2016,1,109.9,False,False,True,False,False,False,False,False,False,False,False,False,True,71
2017,8,65.94,False,False,True,False,False,False,False,False,False,False,False,False,True,71
2017,9,21.184,False,False,False,False,False,False,False,False,True,False,False,False,False,72
2014,3,63.552,False,False,False,False,False,False,False,False,True,False,False,False,False,72
2017,3,26.48,False,False,True,False,False,False,False,False,True,False,False,False,False,72
2015,5,79.44,True,False,False,False,False,False,False,True,False,False,False,False,False,72
2014,1,127.104,True,False,False,False,False,False,False,False,False,True,False,False,False,72
2014,9,21.184,True,False,False,False,False,False,False,False,False,True,False,False,False,72
2015,5,63.552,False,True,False,False,False,False,False,False,True,False,False,False,False,72
2014,11,52.96,True,False,False,False,False,False,False,False,True,False,False,False,False,72
2016,11,22.752,False,False,False,False,False,False,False,False,False,False,False,False,False,73
2017,8,22.752,False,False,True,False,False,False,False,False,True,False,False,False,False,73
2017,12,18.96,True,False,False,False,False,False,False,False,True,False,False,False,False,73
2015,4,7.584,True,False,False,False,False,False,False,False,False,True,False,False,False,73
2016,3,30.336,True,False,False,False,False,False,False,False,False,True,False,False,False,73
2017,1,18.96,False,False,False,False,False,False,False,False,True,False,False,False,False,73
2016,5,47.4,False,False,False,False,False,False,False,False,True,False,False,False,False,73
2017,10,72.9,False,False,True,False,False,False,False,False,True,False,False,False,False,74
2015,6,29.16,False,True,False,False,False,False,False,False,True,False,False,False,False,74
2014,7,17.496,False,False,False,False,False,False,False,False,True,False,False,False,False,74
2014,3,40.48,False,False,True,False,False,False,False,False,True,False,False,False,False,75
2015,11,80.96,False,False,True,False,False,False,False,False,True,False,False,False,False,75
2016,11,48.576,True,False,False,False,False,False,False,False,False,True,False,False,False,75
2015,11,80.96,False,False,True,False,False,False,False,False,False,False,True,False,False,75
2016,9,40.48,True,False,False,False,False,False,False,False,True,False,False,False,False,75
2017,9,25.16,False,False,True,False,False,False,False,False,True,False,False,False,False,76
2015,6,40.256,False,False,True,False,False,False,False,False,True,False,False,False,False,76
2016,5,30.192,False,True,False,False,False,False,False,False,True,False,False,False,False,76
2014,2,25.16,False,False,False,False,False,False,False,False,True,False,False,False,False,76
2017,6,50.32,False,False,True,False,False,False,False,False,False,False,False,True,False,76
2016,10,16.156,False,False,False,False,False,False,False,False,False,False,False,False,False,77
2017,9,11.54,True,False,False,False,False,False,False,True,False,False,False,False,False,77
2016,12,17.31,False,False,False,False,False,False,False,False,True,False,False,False,False,77
2017,11,17.31,False,False,True,False,False,False,False,False,True,False,False,False,False,77
2014,10,63.47,False,False,True,False,False,False,False,False,False,False,False,False,True,77
2014,7,25.71,False,True,False,False,False,False,False,False,True,False,False,False,False,78
2016,1,59.99,False,False,True,False,False,False,True,False,False,False,False,False,False,78
2015,10,17.14,False,False,False,False,False,False,False,False,True,False,False,False,False,78
2017,5,42.85,True,False,False,False,False,False,False,False,True,False,False,False,False,78
2017,8,25.16,True,False,False,False,False,False,False,False,True,False,False,False,False,79
2017,1,37.74,False,False,True,False,False,False,False,False,True,False,False,False,False,79
2017,6,25.16,True,False,False,False,False,False,False,False,True,False,False,False,False,79
2016,6,37.74,True,False,False,False,False,False,False,True,False,False,False,False,False,79
2016,11,70.448,True,False,False,False,False,False,False,False,False,True,False,False,False,79
2015,5,20.24,False,False,True,False,False,False,False,False,True,False,False,False,False,80
2015,9,24.288,False,False,False,False,False,False,False,False,False,False,False,False,False,80
2014,12,60.72,True,False,False,False,False,False,False,False,True,False,False,False,False,80
2017,10,16.192,False,False,False,False,False,False,False,False,True,False,False,False,False,80
2017,8,40.48,True,False,False,False,False,False,False,True,False,False,False,False,False,80
2014,10,31.776,False,False,False,False,False,False,False,False,True,False,False,False,False,81
2014,9,42.368,True,False,False,False,False,False,False,False,False,True,False,False,False,81
2014,12,79.44,False,False,True,False,False,False,False,False,False,False,False,True,False,81
2017,3,211.84,False,False,True,False,False,False,False,False,False,False,False,True,False,81
2016,11,148.288,True,False,False,False,False,False,False,False,True,False,False,False,False,81
2016,5,54.712,True,False,False,False,False,False,False,False,True,False,False,False,False,82
2017,7,39.08,True,False,False,False,False,False,False,False,True,False,False,False,False,82
2016,11,19.54,False,False,True,False,False,False,False,False,False,False,False,False,True,82
2016,9,18.96,False,False,False,False,False,False,False,False,True,False,False,False,False,83
2015,12,28.44,True,False,False,False,False,False,False,False,True,False,False,False,False,83
2016,11,11.376,False,False,False,False,False,True,False,False,False,False,False,False,False,83
2017,9,47.4,True,False,False,False,False,False,False,False,True,False,False,False,False,83
2015,4,9.48,True,False,False,False,False,False,False,False,True,False,False,False,False,83
2017,12,18.96,False,False,True,False,False,False,False,False,True,False,False,False,False,83
2017,4,66.36,False,False,True,False,False,False,False,False,True,False,False,False,False,83
2016,1,15.168,True,False,False,False,False,False,False,False,True,False,False,False,False,83
2016,3,20.24,False,True,False,True,False,False,False,False,False,False,False,False,False,84
2017,9,80.96,False,False,True,False,False,False,False,False,True,False,False,False,False,84
2016,2,16.192,False,False,False,False,False,True,False,False,False,False,False,False,False,84
2017,10,40.48,True,False,False,False,False,False,False,False,True,False,False,False,False,84
2016,9,60.72,True,False,False,False,False,False,False,False,True,False,False,False,False,84
2017,12,16.192,False,False,True,False,False,False,False,False,True,False,False,False,False,84
2014,1,9.94,True,False,False,False,False,False,False,False,True,False,False,False,False,85
2017,4,1.988,False,False,False,False,False,False,False,False,True,False,False,False,False,85
2016,1,24.85,False,False,True,False,False,False,False,False,True,False,False,False,False,85
2015,9,14.91,False,False,True,False,False,False,True,False,False,False,False,False,False,85
2016,11,9.94,False,False,True,False,False,False,True,False,False,False,False,False,False,85
2017,1,14.91,False,False,False,False,False,False,False,False,True,False,False,False,False,85
2014,5,34.79,False,False,False,False,False,False,False,False,True,False,False,False,False,85
2015,8,14.91,True,False,False,False,False,False,False,True,False,False,False,False,False,85
2016,5,39.76,True,False,False,False,False,False,False,True,False,False,False,False,False,85
2017,8,9.94,True,False,False,False,False,False,False,True,False,False,False,False,False,85
2015,1,192.22,False,True,False,False,False,False,False,False,True,False,False,False,False,86
2015,12,54.92,False,False,True,False,False,False,False,False,True,False,False,False,False,86
2017,12,27.46,True,False,False,False,False,False,False,False,True,False,False,False,False,86
2014,3,32.952,False,True,False,False,False,False,False,False,True,False,False,False,False,86
2017,8,54.92,False,False,True,False,False,False,False,False,True,False,False,False,False,86
2017,5,27.46,True,False,False,False,False,False,False,False,True,False,False,False,False,86
2014,5,27.46,True,False,False,False,False,False,False,False,True,False,False,False,False,86
2017,11,27.46,False,False,False,False,False,False,False,False,True,False,False,False,False,86
2014,12,32.952,False,False,False,False,False,False,False,False,True,False,False,False,False,86
2014,11,10.984,False,False,False,False,False,False,False,False,False,False,False,False,False,87
2015,5,21.968,False,False,False,False,False,True,False,False,False,False,False,False,False,87
2017,10,43.936,False,True,False,False,False,False,False,False,True,False,False,False,False,87
2017,12,82.38,False,True,False,False,False,False,False,False,True,False,False,False,False,87
2017,4,317.058,False,False,False,False,False,False,False,False,False,False,False,False,False,88
2016,7,241.568,False,False,True,False,False,False,False,False,True,False,False,False,False,88
2017,12,317.058,False,False,False,False,False,False,False,False,True,False,False,False,False,88
2014,4,317.058,False,False,False,False,False,True,False,False,False,False,False,False,False,88
2014,12,241.568,False,False,True,False,False,False,True,False,False,False,False,False,False,88
2017,9,362.352,False,False,True,False,False,False,True,False,False,False,False,False,False,88
2017,12,1207.84,False,True,False,False,False,False,False,False,True,False,False,False,False,88
2014,11,135.882,True,False,False,False,False,False,False,True,False,False,False,False,False,88
2017,12,271.764,True,False,False,False,False,False,False,False,True,False,False,False,False,88
2014,12,603.92,False,False,True,False,False,False,False,False,True,False,False,False,False,88
2014,9,603.92,False,False,True,False,False,False,False,False,False,False,True,False,False,88
2014,11,4007.84,True,False,False,False,False,False,False,False,True,False,False,False,False,89
2016,11,3406.664,False,False,True,False,False,False,True,False,False,False,False,False,False,89
2014,9,801.568,True,False,False,False,False,False,False,True,False,False,False,False,False,89
2015,9,2003.92,True,False,False,False,False,False,False,True,False,False,False,False,False,89
2017,6,400.784,True,False,False,False,False,False,False,True,False,False,False,False,False,89
2015,10,425.833,False,False,True,False,False,False,False,False,True,False,False,False,False,89
2014,9,254.9,True,False,False,False,False,False,False,False,True,False,False,False,False,90
2014,3,122.352,False,True,False,False,False,False,False,False,True,False,False,False,False,90
2015,2,40.784,False,False,False,False,False,False,False,False,True,False,False,False,False,90
2015,5,163.136,False,True,False,False,False,False,False,False,True,False,False,False,False,90
2017,9,32.776,False,False,True,False,False,False,False,False,True,False,False,False,False,91
2015,5,122.91,False,False,True,False,False,False,False,False,True,False,False,False,False,91
2015,3,327.76,False,False,True,False,False,False,False,False,True,False,False,False,False,91
2016,8,98.328,False,False,True,False,False,False,False,False,True,False,False,False,False,91
2014,8,327.76,False,False,True,False,False,False,False,False,False,False,True,False,False,91
2015,6,204.85,False,False,True,False,False,False,False,False,False,False,False,True,False,91
2014,12,8.544,False,False,False,False,False,False,False,False,False,False,False,False,False,92
2014,11,8.544,False,False,False,False,False,False,False,False,True,False,False,False,False,92
2014,9,8.544,False,False,False,False,False,False,False,False,True,False,False,False,False,92
2016,9,17.088,False,True,False,False,False,False,False,False,True,False,False,False,False,92
2015,11,17.088,False,True,False,False,False,False,False,False,True,False,False,False,False,92
2017,6,17.088,False,True,False,False,False,False,False,False,True,False,False,False,False,92
2015,11,32.04,False,False,True,False,False,False,False,False,False,False,False,True,False,92
2014,7,129.888,False,True,False,False,False,False,False,False,True,False,False,False,False,93
2017,11,135.3,True,False,False,False,False,False,False,True,False,False,False,False,False,93
2015,6,43.296,True,False,False,False,False,False,False,False,False,True,False,False,False,93
2015,10,64.944,True,False,False,False,False,False,False,False,False,True,False,False,False,93
2017,9,135.3,False,False,False,False,False,False,False,False,True,False,False,False,False,93
2017,10,10.476,False,False,False,False,False,False,False,False,True,False,False,False,False,94
2016,6,6.984,False,False,False,False,False,True,False,False,False,False,False,False,False,94
2017,11,43.650000000000006,False,False,True,False,False,False,True,False,False,False,False,False,False,94
2014,4,17.46,True,False,False,False,False,False,False,False,True,False,False,False,False,94
2017,10,17.46,False,False,True,False,False,False,False,False,False,False,False,True,False,94
2015,9,24.64,False,False,True,False,False,False,False,False,True,False,False,False,False,95
2016,7,69.3,False,False,True,False,False,False,False,False,True,False,False,False,False,95
2016,7,30.8,False,False,True,False,False,False,False,False,False,False,False,True,False,95
2016,9,84.272,False,False,False,False,False,False,False,False,False,False,False,False,False,96
2017,10,210.68,True,False,False,False,False,False,False,False,True,False,False,False,False,96
2014,9,337.088,False,True,False,False,False,False,False,False,True,False,False,False,False,96
2016,12,842.72,False,False,True,False,False,False,False,False,True,False,False,False,False,96
2015,9,210.68,True,False,False,False,False,False,False,True,False,False,False,False,False,96
2015,11,102.36,False,False,True,False,False,False,False,False,True,False,False,False,False,97
2016,9,127.95,False,False,False,False,False,False,False,False,True,False,False,False,False,97
2017,4,127.95,False,True,False,False,False,False,False,False,True,False,False,False,False,97
2016,3,102.36,False,True,False,False,False,False,False,False,True,False,False,False,False,97
2014,9,127.95,False,False,True,False,False,False,False,False,True,False,False,False,False,97
2015,9,85.3,True,False,False,False,False,False,False,False,True,False,False,False,False,97
2017,11,154.95,True,False,False,False,False,False,False,False,True,False,False,False,False,98
2016,6,82.64,True,False,False,False,False,False,False,False,True,False,False,False,False,98
2015,1,464.85,False,False,True,False,False,False,True,False,False,False,False,False,False,98
2016,2,132.224,False,True,False,False,False,False,False,False,True,False,False,False,False,99
2017,9,66.112,True,False,False,False,False,False,False,False,True,False,False,False,False,99
2014,5,66.112,False,False,False,False,False,False,False,False,True,False,False,False,False,99
2016,11,66.112,False,False,False,False,False,True,False,False,False,False,False,False,False,99
2014,8,289.24,False,False,True,False,False,False,True,False,False,False,False,False,False,99
2015,5,123.96,False,False,False,False,False,False,False,False,True,False,False,False,False,99
2016,7,165.28,True,False,False,False,False,False,False,True,False,False,False,False,False,99
2017,8,123.96,False,False,True,False,False,False,False,False,False,False,False,True,False,99
2016,4,82.64,True,False,False,False,False,False,False,False,True,False,False,False,False,99
2014,5,149.232,True,False,False,False,False,False,False,False,True,False,False,False,False,100
2016,8,186.54,False,True,False,False,False,False,False,False,True,False,False,False,False,100
2015,9,124.36,True,False,False,False,False,False,False,False,True,False,False,False,False,100
2015,11,186.54,False,True,False,False,False,False,False,False,True,False,False,False,False,100
2015,3,373.08,False,False,False,False,False,False,False,False,True,False,False,False,False,100
2017,12,124.36,True,False,False,False,False,False,False,True,False,False,False,False,False,100
2015,3,435.26,False,False,True,False,False,False,False,False,False,False,False,True,False,100
2017,2,147.568,True,False,False,True,False,False,False,False,False,False,False,False,False,101
2017,7,332.028,False,False,False,False,False,False,False,False,True,False,False,False,False,101
2016,2,73.784,False,False,False,False,False,True,False,False,False,False,False,False,False,101
2017,6,276.69,True,False,False,False,False,False,False,True,False,False,False,False,False,101
2017,11,516.488,True,False,False,False,False,False,False,False,False,True,False,False,False,101
2017,7,276.69,False,False,True,False,False,False,False,False,True,False,False,False,False,101
2014,12,58.36,False,False,False,False,False,False,False,False,True,False,False,False,False,102
2014,9,87.54,True,False,False,False,False,False,False,False,True,False,False,False,False,102
2017,7,145.9,False,False,True,False,False,False,False,False,True,False,False,False,False,102
2015,10,145.9,False,False,True,False,False,False,False,False,False,False,False,True,False,102
2017,11,25.02,False,False,True,False,False,False,False,False,True,False,False,False,False,103
2014,3,20.016,False,True,False,False,False,False,False,False,True,False,False,False,False,103
2015,11,151.96,False,False,False,False,False,False,False,False,True,False,False,False,False,104
2014,12,182.352,True,False,False,False,False,False,False,False,True,False,False,False,False,104
2015,6,364.704,False,False,True,False,False,False,False,False,True,False,False,False,False,104
2016,12,303.92,True,False,False,False,False,False,False,False,True,False,False,False,False,104
2015,11,12.132,False,False,False,False,False,False,False,False,False,False,False,False,False,105
2016,6,4.044,False,False,False,False,False,False,False,False,False,False,False,False,False,105
2014,11,10.11,False,False,True,False,False,False,True,False,False,False,False,False,False,105
2015,10,10.11,False,False,True,False,False,False,False,False,False,False,False,False,True,105
2016,10,31.4,False,False,False,False,True,False,False,False,False,False,False,False,False,106
2015,6,12.56,False,False,True,False,False,False,True,False,False,False,False,False,False,106
2017,11,18.84,False,False,True,False,False,False,True,False,False,False,False,False,False,106
2016,12,18.84,False,False,False,False,False,False,False,False,True,False,False,False,False,106
2016,5,12.56,True,False,False,False,False,False,False,True,False,False,False,False,False,106
2017,5,18.84,True,False,False,False,False,False,False,True,False,False,False,False,False,106
2017,7,20.096,True,False,False,False,False,False,False,False,False,True,False,False,False,106
2014,11,56.52,True,False,False,False,False,False,False,True,False,False,False,False,False,107
2016,2,18.84,False,True,False,False,False,False,False,False,True,False,False,False,False,107
2017,9,15.072,True,False,False,False,False,False,False,False,True,False,False,False,False,108
2017,6,35.168,False,True,False,False,False,False,False,False,True,False,False,False,False,108
2015,4,31.4,True,False,False,False,False,False,False,False,True,False,False,False,False,108
2014,11,35.168,True,False,False,False,False,False,False,False,True,False,False,False,False,108
2017,7,18.84,False,False,True,False,False,False,False,False,True,False,False,False,False,108
2017,7,18.84,False,True,False,True,False,False,False,False,False,False,False,False,False,109
2014,8,6.28,False,False,True,False,False,False,True,False,False,False,False,False,False,109
2017,10,69.08,True,False,False,False,False,False,False,False,True,False,False,False,False,109
2016,12,43.96,False,False,True,False,False,False,False,False,True,False,False,False,False,109
2017,6,4.95,False,False,True,False,False,False,False,False,False,False,False,True,False,110
2016,7,24.75,False,False,True,False,False,False,False,False,False,False,False,False,True,110
2017,10,35.0,True,False,False,False,False,False,False,False,True,False,False,False,False,111
2017,12,21.0,False,True,False,False,False,False,False,False,True,False,False,False,False,111
2016,10,14.0,False,False,False,False,False,False,False,False,True,False,False,False,False,111
2016,9,28.0,True,False,False,False,False,False,False,False,True,False,False,False,False,111
2017,5,35.0,False,False,True,False,False,False,False,False,True,False,False,False,False,111
2017,12,26.25,False,False,True,False,False,False,False,False,False,False,True,False,False,111
2017,10,9.656,False,True,False,False,False,False,False,False,True,False,False,False,False,112
2016,12,60.35,True,False,False,False,False,False,False,True,False,False,False,False,False,112
2017,9,12.07,True,False,False,False,False,False,False,True,False,False,False,False,False,112
2017,4,24.14,False,False,True,False,False,False,False,False,True,False,False,False,False,112
2016,8,19.312,True,False,False,False,False,False,False,False,False,True,False,False,False,112
2016,12,72.42,True,False,False,False,False,False,False,False,True,False,False,False,False,112
2015,9,129.93,False,True,False,False,False,False,False,False,True,False,False,False,False,113
2014,12,43.31,False,False,True,False,False,False,False,False,True,False,False,False,False,113
2016,4,86.62,False,False,False,False,False,False,False,False,True,False,False,False,False,113
2016,5,173.24,True,False,False,False,False,False,False,False,True,False,False,False,False,113
2017,5,129.93,True,False,False,False,False,False,False,False,True,False,False,False,False,113
2017,9,108.4,False,False,False,False,False,False,False,False,True,False,False,False,False,114
2015,4,108.4,True,False,False,False,False,False,False,True,False,False,False,False,False,114
2017,4,162.6,False,False,True,False,False,False,False,False,False,False,False,False,True,114
2017,6,526.45,False,False,False,False,False,False,False,False,True,False,False,False,False,115
2017,7,526.45,False,False,False,False,False,False,False,False,True,False,False,False,False,115
2015,7,168.464,True,False,False,False,False,False,False,False,False,True,False,False,False,115
2017,2,210.58,False,False,True,False,False,False,False,False,False,False,True,False,False,115
2014,3,111.0,False,False,True,False,False,False,False,False,True,False,False,False,False,116
2017,2,22.2,False,False,False,False,False,False,False,False,False,False,False,False,False,116
2017,4,44.4,False,False,False,False,False,False,False,False,False,False,False,False,False,116
2015,12,166.5,False,False,True,False,False,False,False,False,True,False,False,False,False,116
2016,3,159.04,False,False,False,False,False,False,False,False,False,False,False,False,False,117
2014,11,397.6,False,True,False,False,False,False,False,False,True,False,False,False,False,117
2014,12,190.848,True,False,False,False,False,False,False,False,True,False,False,False,False,117
2016,2,318.08,False,True,False,False,False,False,False,False,True,False,False,False,False,117
2016,11,238.56,False,False,True,False,False,False,True,False,False,False,False,False,False,117
2015,7,181.96,True,False,False,False,False,False,False,False,True,False,False,False,False,118
2014,12,218.352,False,False,True,False,False,False,False,False,True,False,False,False,False,118
2016,7,272.94,False,False,False,False,True,False,False,False,False,False,False,False,False,118
2015,1,254.744,False,False,False,False,False,False,False,False,True,False,False,False,False,118
2014,1,272.94,False,False,False,False,False,False,False,False,True,False,False,False,False,118
2014,8,121.376,False,False,True,False,False,False,False,False,True,False,False,False,False,119
2017,7,91.032,False,True,False,False,False,False,False,False,True,False,False,False,False,119
2016,12,113.79,True,False,False,False,False,False,False,True,False,False,False,False,False,119
2017,12,37.93,True,False,False,False,False,False,False,False,True,False,False,False,False,119
2016,4,30.344,False,False,False,False,False,False,False,False,True,False,False,False,False,119
2014,11,151.72,False,False,True,False,False,False,False,False,False,False,True,False,False,119
2015,9,207.35,False,False,True,False,False,False,False,False,True,False,False,False,False,120
2014,11,124.41,True,False,False,False,False,False,False,False,True,False,False,False,False,120
2016,6,32.712,False,False,False,False,False,True,False,False,False,False,False,False,False,121
2017,5,65.424,False,False,False,False,False,True,False,False,False,False,False,False,False,121
2015,8,20.104,False,False,False,False,False,True,False,False,False,False,False,False,False,122
2015,6,20.104,True,False,False,False,False,False,False,False,True,False,False,False,False,122
2014,11,60.312,True,False,False,False,False,False,False,False,False,True,False,False,False,122
2017,4,60.312,True,False,False,False,False,False,False,False,False,True,False,False,False,122
2017,12,201.04,False,False,True,False,False,False,False,False,False,False,False,True,False,122
2014,11,19.3,False,False,False,False,False,True,False,False,False,False,False,False,False,123
2014,1,38.6,False,True,False,False,False,False,False,False,True,False,False,False,False,123
2014,1,19.3,False,False,True,False,False,False,True,False,False,False,False,False,False,123
2015,3,30.88,False,True,False,False,False,False,False,False,True,False,False,False,False,123
2016,9,15.232,False,False,True,False,False,False,False,False,True,False,False,False,False,124
2017,11,22.848,False,False,False,False,False,False,False,False,True,False,False,False,False,124
2016,10,38.08,False,False,False,False,False,False,False,False,True,False,False,False,False,124
2017,10,45.696,False,True,False,False,False,False,False,False,True,False,False,False,False,124
2016,7,95.2,False,False,False,False,False,False,False,False,True,False,False,False,False,124
2014,3,45.696,False,True,False,False,False,False,False,False,True,False,False,False,False,124
2016,5,24.96,False,True,False,True,False,False,False,False,False,False,False,False,False,125
2016,9,68.64,False,False,False,False,False,False,False,False,True,False,False,False,False,125
2015,3,46.9,False,False,True,False,False,False,False,False,True,False,False,False,False,126
2016,9,15.008,False,False,False,False,False,False,False,False,True,False,False,False,False,126
2017,3,15.008,True,False,False,False,False,False,False,False,False,True,False,False,False,126
2017,9,22.512,True,False,False,False,False,False,False,False,False,True,False,False,False,126
2017,4,56.28,False,True,False,False,False,False,False,False,True,False,False,False,False,126
2015,6,51.072,True,False,False,False,False,False,False,False,False,True,False,False,False,127
2017,9,17.024,True,False,False,False,False,False,False,False,False,True,False,False,False,127
2014,11,53.2,False,False,True,False,False,False,False,False,False,False,True,False,False,127
2016,9,14.76,True,False,False,False,False,False,False,False,True,False,False,False,False,128
2017,6,8.856,False,False,False,False,False,False,False,False,False,False,False,False,False,128
2014,10,14.76,True,False,False,False,False,False,False,False,True,False,False,False,False,128
2015,8,14.76,False,False,False,False,False,False,False,False,True,False,False,False,False,128
2015,12,14.76,False,False,False,False,False,False,False,False,True,False,False,False,False,128
2017,10,11.808,False,True,False,False,False,False,False,False,True,False,False,False,False,128
2016,12,14.76,False,False,True,False,False,False,True,False,False,False,False,False,False,128
2015,7,7.38,True,False,False,False,False,False,False,True,False,False,False,False,False,128
2017,12,14.76,False,True,False,False,False,False,False,False,True,False,False,False,False,128
2016,6,22.14,False,False,True,False,False,False,False,False,False,False,False,True,False,128
2015,11,22.14,False,False,True,False,False,False,False,False,False,False,False,False,True,128
2017,3,22.14,False,False,True,False,False,False,False,False,False,False,False,False,True,128
2014,6,48.86,False,False,True,False,False,False,True,False,False,False,False,False,False,129
2017,1,27.92,False,False,True,False,False,False,True,False,False,False,False,False,False,129
2015,7,20.94,False,True,False,False,False,False,False,False,True,False,False,False,False,129
2017,12,20.94,True,False,False,False,False,False,False,True,False,False,False,False,False,129
2014,9,41.88,False,False,True,False,False,False,False,False,False,False,False,True,False,129
2016,3,39.92,False,True,False,True,False,False,False,False,False,False,False,False,False,130
2016,10,19.96,False,False,True,False,False,False,True,False,False,False,False,False,False,130
2016,10,39.92,False,True,False,False,False,False,False,False,True,False,False,False,False,130
2016,11,9.98,False,False,True,False,False,False,False,False,True,False,False,False,False,130
2016,12,39.92,False,False,True,False,False,False,False,False,False,False,True,False,False,130
2014,1,12.42,False,True,False,False,False,False,False,False,True,False,False,False,False,131
2017,11,12.42,False,False,True,False,False,False,True,False,False,False,False,False,False,131
2015,5,8.28,True,False,False,False,False,False,False,False,True,False,False,False,False,131
2017,11,3.312,True,False,False,False,False,False,False,False,False,True,False,False,False,131
2016,7,12.42,False,False,True,False,False,False,False,False,False,False,False,False,True,131
2016,11,4.18,False,False,True,False,False,False,False,False,True,False,False,False,False,132
2017,11,20.9,True,False,False,False,False,False,False,False,True,False,False,False,False,132
2016,5,16.72,False,True,False,False,False,False,False,False,True,False,False,False,False,132
2015,12,6.688,False,False,False,False,False,True,False,False,False,False,False,False,False,132
2015,12,25.08,False,False,True,False,False,False,False,False,True,False,False,False,False,132
2017,9,8.36,False,False,True,False,False,False,True,False,False,False,False,False,False,132
2014,12,12.54,False,False,True,False,False,False,False,False,True,False,False,False,False,132
2017,12,16.72,False,False,True,False,False,False,False,False,True,False,False,False,False,132
2016,3,86.45,False,True,False,False,False,False,False,False,True,False,False,False,False,133
2017,10,19.76,False,True,False,False,False,False,False,False,True,False,False,False,False,133
2016,7,24.7,False,False,False,False,False,False,False,False,True,False,False,False,False,133
2016,5,37.05,False,False,True,False,False,False,False,False,False,False,False,True,False,133
2014,8,12.35,False,False,True,False,False,False,False,False,False,False,False,False,True,133
2015,11,17.496,False,False,False,False,False,False,False,False,False,False,False,False,False,134
2017,4,11.664,False,False,True,False,False,False,False,False,True,False,False,False,False,134
2015,4,24.3,True,False,False,False,False,False,False,False,True,False,False,False,False,134
2016,9,5.352,True,False,False,True,False,False,False,False,False,False,False,False,False,135
2014,10,8.92,False,True,False,False,False,False,False,False,True,False,False,False,False,135
2016,1,14.272,False,True,False,False,False,False,False,False,True,False,False,False,False,135
2015,9,8.92,True,False,False,False,False,False,False,False,True,False,False,False,False,135
2016,10,63.968,False,True,False,False,False,False,False,False,True,False,False,False,False,136
2014,11,199.9,True,False,False,False,False,False,False,False,True,False,False,False,False,136
2016,4,159.92,False,True,False,False,False,False,False,False,True,False,False,False,False,136
2017,11,119.94,False,False,True,False,False,False,True,False,False,False,False,False,False,136
2017,8,31.984,False,True,False,False,False,False,False,False,True,False,False,False,False,136
2017,12,199.9,False,False,True,False,False,False,False,False,False,False,False,False,True,136
2015,10,15.488,False,False,True,False,False,False,False,False,True,False,False,False,False,137
2016,12,14.52,False,False,True,False,False,False,False,False,True,False,False,False,False,137
2015,12,9.68,False,False,False,False,False,False,False,False,True,False,False,False,False,137
2015,5,8.352,True,False,False,False,False,False,False,False,True,False,False,False,False,138
2014,12,3.48,False,False,True,False,False,False,False,False,False,False,True,False,False,138
2016,11,6.96,False,False,True,False,False,False,False,False,False,False,False,True,False,138
2014,5,12.18,False,False,True,False,False,False,False,False,False,False,False,False,True,138
2017,8,2.784,False,True,False,False,False,False,False,False,True,False,False,False,False,138
2016,7,27.42,True,False,False,False,False,False,False,False,True,False,False,False,False,139
2015,6,27.42,False,True,False,False,False,False,False,False,True,False,False,False,False,139
2015,11,63.98,False,False,True,False,False,False,False,False,True,False,False,False,False,139
2017,4,18.28,False,False,True,False,False,False,False,False,False,False,False,True,False,139
2017,5,18.28,False,False,True,False,False,False,False,False,True,False,False,False,False,139
2015,3,4.712,False,False,False,False,False,False,False,False,False,False,False,False,False,140
2017,9,14.136,False,True,False,False,False,False,False,False,True,False,False,False,False,140
2017,5,6.24,False,False,False,True,False,False,False,False,False,False,False,False,False,140
2014,3,8.32,True,False,False,True,False,False,False,False,False,False,False,False,False,140
2014,10,17.67,True,False,False,False,False,False,False,False,True,False,False,False,False,140
2016,11,7.068,False,False,False,False,False,True,False,False,False,False,False,False,False,140
2015,11,4.712,False,True,False,False,False,False,False,False,True,False,False,False,False,140
2014,3,4.992,False,True,False,False,False,False,False,False,True,False,False,False,False,140
2015,8,4.16,False,False,True,False,False,False,True,False,False,False,False,False,False,140
2017,9,47.12,True,False,False,False,False,False,False,True,False,False,False,False,False,140
2017,11,47.12,False,False,True,False,False,False,False,False,True,False,False,False,False,140
2016,4,23.56,False,False,True,False,False,False,False,False,True,False,False,False,False,140
2014,6,6.24,False,False,True,False,False,False,False,False,False,False,False,False,True,140
2017,12,70.68,False,False,True,False,False,False,False,False,False,False,False,False,True,140
2016,9,21.44,False,False,True,False,False,False,False,False,True,False,False,False,False,141
2016,10,67.0,False,False,False,False,False,False,False,False,True,False,False,False,False,141
2015,5,26.8,True,False,False,False,False,False,False,True,False,False,False,False,False,141
2016,12,13.4,True,False,False,False,False,False,False,False,True,False,False,False,False,141
2016,10,40.2,True,False,False,False,False,False,False,False,True,False,False,False,False,141
2016,9,1336.44,False,False,False,False,False,False,False,False,True,False,False,False,False,142
2016,12,190.92,False,False,False,False,False,False,False,False,True,False,False,False,False,142
2016,12,859.14,False,True,False,False,False,False,False,False,True,False,False,False,False,142
2017,5,477.3,False,False,False,False,False,False,False,False,True,False,False,False,False,142
2016,1,315.776,False,True,False,False,False,False,False,False,True,False,False,False,False,143
2017,8,148.02,False,False,True,False,False,False,True,False,False,False,False,False,False,143
2017,12,77.72,False,False,False,False,False,False,False,False,True,False,False,False,False,144
2016,3,971.5,True,False,False,False,False,False,False,False,True,False,False,False,False,144
2016,6,466.32,True,False,False,False,False,False,False,False,True,False,False,False,False,144
2015,6,621.76,False,False,True,False,False,False,False,False,True,False,False,False,False,144
2017,12,310.88,True,False,False,False,False,False,False,False,False,True,False,False,False,144
2014,5,310.88,False,True,False,False,False,False,False,False,True,False,False,False,False,144
2014,5,29.32,False,False,False,False,False,False,False,False,False,False,False,False,False,145
2014,12,87.96,False,False,True,False,False,False,False,False,True,False,False,False,False,145
2016,8,47.04,False,False,True,False,False,False,True,False,False,False,False,False,False,146
2015,6,35.28,True,False,False,False,False,False,False,True,False,False,False,False,False,146
2014,12,70.56,False,False,True,False,False,False,False,False,False,False,False,True,False,146
2016,3,35.28,False,False,True,False,False,False,False,False,False,False,False,True,False,146
2016,12,70.56,False,False,False,False,False,False,False,False,True,False,False,False,False,146
2017,11,28.272,False,True,False,False,False,False,False,False,True,False,False,False,False,147
2016,9,21.204,False,False,False,False,False,True,False,False,False,False,False,False,False,147
2017,4,42.408,True,False,False,False,False,False,False,False,False,True,False,False,False,147
2014,11,35.34,False,False,True,False,False,False,False,False,False,False,True,False,False,147
2014,9,35.34,False,False,True,False,False,False,False,False,False,False,False,False,True,147
2016,9,14.136,False,False,False,False,False,False,False,False,True,False,False,False,False,147
2017,11,101.52,False,True,False,False,False,False,False,False,True,False,False,False,False,148
2015,11,76.14,True,False,False,False,False,False,False,False,True,False,False,False,False,148
2014,4,76.14,False,False,True,False,False,False,False,False,True,False,False,False,False,148
2016,1,23.076,False,False,False,False,False,False,False,False,True,False,False,False,False,149
2016,3,76.92,False,True,False,True,False,False,False,False,False,False,False,False,False,149
2017,2,7.692,False,False,False,False,False,False,False,False,True,False,False,False,False,149
2014,10,15.384,False,True,False,False,False,False,False,False,True,False,False,False,False,149
2014,3,30.768,False,True,False,False,False,False,False,False,True,False,False,False,False,149
2016,6,57.69,False,False,False,False,False,False,False,False,True,False,False,False,False,149
2015,8,46.152,False,True,False,False,False,False,False,False,True,False,False,False,False,149
2014,9,57.69,False,False,False,False,False,False,False,False,True,False,False,False,False,149
2017,11,18.7,False,False,True,False,False,False,True,False,False,False,False,False,False,150
2014,6,37.4,False,False,True,False,False,False,False,False,True,False,False,False,False,150
2016,12,111.15,True,False,False,False,False,False,False,False,True,False,False,False,False,151
2016,12,133.38,False,True,False,False,False,False,False,False,True,False,False,False,False,151
2017,6,22.23,True,False,False,False,False,False,False,True,False,False,False,False,False,151
2014,11,111.15,False,True,False,False,False,False,False,False,True,False,False,False,False,151
2016,11,35.568,False,True,False,False,False,False,False,False,True,False,False,False,False,152
2017,11,88.92,False,True,False,False,False,False,False,False,True,False,False,False,False,152
2014,12,44.46,False,False,True,False,False,False,True,False,False,False,False,False,False,152
2016,2,44.46,True,False,False,False,False,False,False,True,False,False,False,False,False,152
2015,12,44.46,False,False,True,False,False,False,False,False,False,False,True,False,False,152
2017,2,22.23,False,False,True,False,False,False,False,False,False,False,True,False,False,152
2015,11,66.69,False,False,True,False,False,False,False,False,True,False,False,False,False,152
2016,11,44.46,False,False,False,False,False,False,False,False,True,False,False,False,False,153
2015,12,53.352,False,True,False,False,False,False,False,False,True,False,False,False,False,153
2015,12,72.704,True,False,False,False,False,False,False,False,True,False,False,False,False,154
2017,12,72.704,False,True,False,False,False,False,False,False,True,False,False,False,False,154
2015,11,18.176,False,True,False,False,False,False,False,False,True,False,False,False,False,154
2015,11,68.16,True,False,False,False,False,False,False,True,False,False,False,False,False,154
2015,4,54.528,False,True,False,False,False,False,False,False,True,False,False,False,False,154
2017,10,22.72,False,False,True,False,False,False,False,False,True,False,False,False,False,154
2017,3,26.72,True,False,False,False,False,False,False,False,True,False,False,False,False,155
2016,5,32.064,False,False,False,False,False,False,False,False,True,False,False,False,False,155
2016,10,24.96,False,False,True,False,False,False,False,False,True,False,False,False,False,156
2016,5,41.6,False,False,True,False,False,False,False,False,True,False,False,False,False,156
2017,11,126.3,False,False,False,False,False,False,False,False,True,False,False,False,False,157
2017,10,547.3,True,False,False,False,False,False,False,True,False,False,False,False,False,157
2017,6,126.3,False,False,True,False,False,False,False,False,False,False,False,False,True,157
2015,4,67.36,False,True,False,False,False,False,False,False,True,False,False,False,False,157
2015,9,131.88,False,False,True,False,False,False,False,False,True,False,False,False,False,158
2016,7,60.288,False,False,False,False,False,False,False,False,True,False,False,False,False,158
2016,5,22.608,False,False,False,False,False,False,False,False,False,False,False,False,False,158
2017,5,22.608,False,False,False,False,False,False,False,False,False,False,False,False,False,158
2016,4,22.608,False,False,False,False,False,False,False,False,True,False,False,False,False,158
2017,3,94.2,False,False,True,False,False,False,False,False,True,False,False,False,False,158
2015,4,37.68,False,False,True,False,False,False,True,False,False,False,False,False,False,158
2017,8,120.576,False,False,True,False,False,False,False,False,True,False,False,False,False,158
2015,6,75.36,False,False,True,False,False,False,False,False,True,False,False,False,False,158
2016,8,22.608,False,False,False,False,False,False,False,False,True,False,False,False,False,158
2017,2,30.144,True,False,False,False,False,False,False,False,True,False,False,False,False,158
2017,1,37.68,True,False,False,False,False,False,False,False,True,False,False,False,False,158
2016,10,77.6,True,False,False,False,False,False,False,False,True,False,False,False,False,159
2015,7,7.76,False,False,False,False,False,False,False,False,False,False,False,False,False,159
2015,1,77.6,False,False,True,False,False,False,True,False,False,False,False,False,False,159
2016,2,135.8,True,False,False,False,False,False,False,True,False,False,False,False,False,159
2017,11,77.6,True,False,False,False,False,False,False,False,True,False,False,False,False,159
2014,12,58.2,False,False,True,False,False,False,False,False,False,False,False,True,False,159
2016,5,5.584,False,False,False,False,False,False,False,False,False,False,False,False,False,160
2014,4,22.336,True,False,False,True,False,False,False,False,False,False,False,False,False,160
2017,5,6.98,False,False,True,False,False,False,False,False,True,False,False,False,False,160
2014,6,13.96,True,False,False,False,False,False,False,True,False,False,False,False,False,160
2015,7,13.96,True,False,False,False,False,False,False,True,False,False,False,False,False,160
2014,10,5.312,False,False,False,False,False,True,False,False,False,False,False,False,False,161
2016,9,13.28,False,True,False,False,False,False,False,False,True,False,False,False,False,161
2017,9,21.248,True,False,False,False,False,False,False,False,True,False,False,False,False,161
2014,8,13.28,True,False,False,False,False,False,False,False,True,False,False,False,False,161
2017,12,7.968,False,False,False,False,False,False,False,False,True,False,False,False,False,161
2015,3,19.92,False,False,True,False,False,False,False,False,False,False,True,False,False,161
2014,4,59.92,False,False,True,False,False,False,True,False,False,False,False,False,False,162
2016,3,14.98,True,False,False,False,False,False,False,False,True,False,False,False,False,162
2014,11,23.968,True,False,False,False,False,False,False,False,True,False,False,False,False,162
2016,5,79.384,True,False,False,False,False,False,False,False,True,False,False,False,False,163
2017,7,396.92,True,False,False,True,False,False,False,False,False,False,False,False,False,163
2015,4,595.38,False,True,False,True,False,False,False,False,False,False,False,False,False,163
2017,8,198.46,False,False,True,False,False,False,False,False,True,False,False,False,False,163
2017,7,198.46,False,False,True,False,False,False,False,False,True,False,False,False,False,163
2016,11,595.38,False,False,True,False,False,False,True,False,False,False,False,False,False,163
2016,12,396.92,True,False,False,False,False,False,False,True,False,False,False,False,False,163
2015,9,238.152,False,False,True,False,False,False,False,False,True,False,False,False,False,163
2017,3,2.91,False,False,False,True,False,False,False,False,False,False,False,False,False,164
2016,11,2.328,False,False,False,False,False,True,False,False,False,False,False,False,False,164
2016,12,2.328,False,False,False,False,False,True,False,False,False,False,False,False,False,164
2017,11,5.82,False,False,False,False,False,False,False,False,True,False,False,False,False,164
2017,11,4.656,True,False,False,False,False,False,False,False,True,False,False,False,False,164
2016,4,18.624,False,True,False,False,False,False,False,False,True,False,False,False,False,164
2016,6,8.73,False,False,True,False,False,False,False,False,False,False,False,True,False,164
2014,1,62.82,False,True,False,False,False,False,False,False,True,False,False,False,False,165
2014,11,25.128,False,False,False,False,False,False,False,False,True,False,False,False,False,165
2015,6,75.384,False,False,False,False,False,True,False,False,False,False,False,False,False,165
2017,10,2154.9,True,False,False,False,False,False,False,False,True,False,False,False,False,166
2017,9,1292.94,False,False,True,False,False,False,False,False,True,False,False,False,False,166
2016,11,842.94,False,True,False,False,False,False,False,False,True,False,False,False,False,167
2016,5,1685.88,False,False,True,False,False,False,False,False,True,False,False,False,False,167
2016,6,337.176,True,False,False,False,False,False,False,False,False,True,False,False,False,167
2016,11,674.352,False,False,True,False,False,False,False,False,False,False,True,False,False,167
2016,3,528.43,False,False,False,False,False,False,False,False,False,False,False,False,False,168
2017,6,301.96,False,True,False,False,False,False,False,False,True,False,False,False,False,168
2016,7,528.43,False,False,False,False,False,False,False,False,True,False,False,False,False,168
2016,9,483.136,False,False,True,False,False,False,False,False,True,False,False,False,False,168
2017,7,362.352,False,False,True,False,False,False,True,False,False,False,False,False,False,168
2014,11,603.92,False,False,True,False,False,False,False,False,True,False,False,False,False,168
2015,9,271.764,True,False,False,False,False,False,False,True,False,False,False,False,False,168
2017,3,271.764,True,False,False,False,False,False,False,True,False,False,False,False,False,168
2017,9,603.92,False,False,False,False,False,False,False,False,True,False,False,False,False,168
2017,9,213.43,False,False,False,False,False,False,False,False,True,False,False,False,False,169
2015,4,128.058,False,False,False,False,False,False,False,False,True,False,False,False,False,169
2016,12,146.352,False,False,True,False,False,False,True,False,False,False,False,False,False,169
2015,12,548.8199999999999,True,False,False,False,False,False,False,True,False,False,False,False,False,169
2016,6,121.96,True,False,False,False,False,False,False,False,True,False,False,False,False,169
2017,5,128.058,True,False,False,False,False,False,False,False,False,True,False,False,False,169
2015,11,109.764,True,False,False,False,False,False,False,False,True,False,False,False,False,169
2016,11,47.992,False,False,False,False,False,False,False,False,False,False,False,False,False,170
2017,5,47.992,True,False,False,True,False,False,False,False,False,False,False,False,False,170
2016,4,95.984,False,False,False,False,False,True,False,False,False,False,False,False,False,170
2017,12,239.96,True,False,False,False,False,False,False,False,False,True,False,False,False,170
2015,5,191.968,False,False,True,False,False,False,False,False,True,False,False,False,False,170
2015,10,191.968,False,False,True,False,False,False,False,False,False,False,True,False,False,170
2015,9,1690.04,False,True,False,False,False,False,False,False,True,False,False,False,False,171
2016,9,887.271,True,False,False,False,False,False,False,False,False,True,False,False,False,171
2017,1,887.271,True,False,False,False,False,False,False,False,False,True,False,False,False,171
2016,3,1352.032,False,False,True,False,False,False,False,False,False,False,False,True,False,171
2015,4,1267.53,True,False,False,False,False,False,False,False,True,False,False,False,False,171
2015,9,717.72,False,False,True,False,False,False,False,False,True,False,False,False,False,172
2014,7,478.48,False,False,True,False,False,False,False,False,True,False,False,False,False,172
2017,12,897.15,True,False,False,False,False,False,False,False,True,False,False,False,False,172
2017,7,239.24,False,True,False,False,False,False,False,False,True,False,False,False,False,172
2014,7,717.72,False,False,True,False,False,False,False,False,False,False,False,True,False,172
2017,10,478.48,False,False,True,False,False,False,False,False,True,False,False,False,False,172
2014,3,1139.92,False,True,False,False,False,False,False,False,True,False,False,False,False,173
2014,11,797.944,False,False,False,False,False,False,False,False,False,False,False,False,False,173
2016,12,1424.9,False,False,False,False,False,False,False,False,True,False,False,False,False,173
2014,7,854.94,True,False,False,False,False,False,False,False,True,False,False,False,False,173
2017,10,683.952,False,True,False,False,False,False,False,False,True,False,False,False,False,173
2017,9,1282.41,True,False,False,False,False,False,False,True,False,False,False,False,False,173
2017,12,398.972,True,False,False,False,False,False,False,False,False,True,False,False,False,173
2014,6,797.944,False,False,False,False,False,False,False,False,True,False,False,False,False,173
2015,8,598.458,True,False,False,False,False,False,False,False,True,False,False,False,False,173
2015,9,179.886,False,False,False,False,False,False,False,False,True,False,False,False,False,174
2014,5,359.772,False,False,False,False,False,False,False,False,False,False,False,False,False,174
2016,6,539.658,False,False,False,False,False,False,False,False,True,False,False,False,False,174
2017,5,899.43,False,False,False,False,False,True,False,False,False,False,False,False,False,174
2017,11,1079.316,True,False,False,False,False,False,False,False,False,True,False,False,False,174
2017,2,899.43,True,False,False,False,False,False,False,False,True,False,False,False,False,174
2017,8,462.564,True,False,False,False,False,False,False,False,True,False,False,False,False,174
2015,3,915.136,False,False,True,False,False,False,False,False,True,False,False,False,False,175
2017,2,600.558,False,False,False,False,False,False,False,False,True,False,False,False,False,175
2014,1,2573.82,False,True,False,False,False,False,False,False,True,False,False,False,False,175
2014,12,600.558,False,False,False,False,False,True,False,False,False,False,False,False,False,175
2017,3,600.558,False,False,False,False,False,True,False,False,False,False,False,False,False,175
2016,10,915.136,False,False,True,False,False,False,False,False,True,False,False,False,False,175
2014,6,2001.86,False,False,False,False,False,False,False,False,True,False,False,False,False,175
2014,3,457.568,False,False,True,False,False,False,False,False,False,False,False,False,True,175
2017,10,435.168,False,False,True,False,False,False,False,False,True,False,False,False,False,176
2016,11,217.584,False,False,True,False,False,False,True,False,False,False,False,False,False,176
2016,1,435.168,False,False,True,False,False,False,False,False,False,False,False,False,True,176
2014,12,230.352,False,False,True,False,False,False,False,False,True,False,False,False,False,177
2015,4,191.96,False,True,False,False,False,False,False,False,True,False,False,False,False,177
2015,10,287.94,False,True,False,False,False,False,False,False,True,False,False,False,False,177
2017,6,172.764,True,False,False,False,False,False,False,True,False,False,False,False,False,177
2015,11,230.352,False,False,True,False,False,False,False,False,True,False,False,False,False,177
2017,11,307.136,False,False,True,False,False,False,False,False,False,False,False,False,True,177
2014,10,122.352,False,False,True,False,False,False,True,False,False,False,False,False,False,178
2015,2,203.92,False,False,True,False,False,False,True,False,False,False,False,False,False,178
2015,8,40.784,False,False,True,False,False,False,True,False,False,False,False,False,False,178
2014,10,122.352,False,False,True,False,False,False,False,False,True,False,False,False,False,178
2017,12,81.568,False,False,True,False,False,False,False,False,True,False,False,False,False,178
2017,7,71.372,True,False,False,False,False,False,False,False,False,True,False,False,False,178
2016,6,122.352,False,False,True,False,False,False,False,False,False,False,False,True,False,178
2014,5,107.772,False,False,False,False,False,True,False,False,False,False,False,False,False,179
2015,3,107.772,False,False,False,False,False,True,False,False,False,False,False,False,False,179
2015,3,184.752,False,False,True,False,False,False,True,False,False,False,False,False,False,179
2017,9,184.752,False,False,True,False,False,False,True,False,False,False,False,False,False,179
2017,1,207.846,True,False,False,False,False,False,False,True,False,False,False,False,False,179
2017,3,207.846,True,False,False,False,False,False,False,True,False,False,False,False,False,179
2017,12,215.544,True,False,False,False,False,False,False,False,False,True,False,False,False,179
2015,1,61.584,False,False,True,False,False,False,False,False,False,False,False,False,True,179
2016,9,184.752,False,False,True,False,False,False,False,False,False,False,False,False,True,179
2016,10,307.92,False,False,True,False,False,False,False,False,True,False,False,False,False,179
2017,6,569.058,False,False,False,False,False,False,False,False,False,False,False,False,False,180
2016,11,650.352,False,False,True,False,False,False,False,False,True,False,False,False,False,180
2016,6,379.372,False,False,False,False,False,True,False,False,False,False,False,False,False,180
2014,10,433.568,False,False,True,False,False,False,False,False,True,False,False,False,False,180
2017,8,207.184,False,False,True,False,False,False,False,False,True,False,False,False,False,181
2016,7,253.372,False,False,False,False,False,False,False,False,True,False,False,False,False,182
2015,12,542.94,True,False,False,False,False,False,False,False,True,False,False,False,False,182
2017,3,180.98,False,False,False,False,False,False,False,False,True,False,False,False,False,182
2015,9,542.94,True,False,False,False,False,False,False,False,True,False,False,False,False,182
2017,9,488.646,True,False,False,False,False,False,False,True,False,False,False,False,False,182
2017,11,977.292,True,False,False,False,False,False,False,True,False,False,False,False,False,182
2017,6,760.116,True,False,False,False,False,False,False,False,True,False,False,False,False,182
2016,11,380.058,True,False,False,False,False,False,False,False,False,True,False,False,False,182
2017,9,723.92,False,True,False,False,False,False,False,False,True,False,False,False,False,182
2016,1,1013.488,False,False,True,False,False,False,False,False,False,False,True,False,False,182
2015,8,144.784,False,False,True,False,False,False,False,False,False,False,False,True,False,182
2014,11,611.058,True,False,False,True,False,False,False,False,False,False,False,False,False,183
2017,12,872.94,False,False,False,False,True,False,False,False,False,False,False,False,False,183
2016,10,290.98,False,True,False,False,False,False,False,False,True,False,False,False,False,183
2016,4,1454.9,False,False,False,False,False,False,False,False,True,False,False,False,False,183
2017,6,698.352,False,True,False,False,False,False,False,False,True,False,False,False,False,183
2016,12,698.352,False,False,True,False,False,False,False,False,False,False,False,False,True,183
2017,4,908.82,True,False,False,False,False,False,False,False,True,False,False,False,False,184
2017,7,242.352,False,True,False,False,False,False,False,False,True,False,False,False,False,184
2015,12,212.058,False,False,False,False,False,True,False,False,False,False,False,False,False,184
2016,9,201.96,False,False,False,False,False,False,False,False,True,False,False,False,False,184
2017,7,161.568,False,False,True,False,False,False,False,False,True,False,False,False,False,184
2016,12,403.92,False,False,True,False,False,False,False,False,True,False,False,False,False,184
2014,12,605.88,True,False,False,False,False,False,False,False,True,False,False,False,False,184
2015,10,323.136,False,False,True,False,False,False,False,False,True,False,False,False,False,184
2015,2,90.882,True,False,False,False,False,False,False,False,True,False,False,False,False,184
2014,2,129.568,False,False,True,False,False,False,False,False,True,False,False,False,False,185
2017,12,64.784,False,True,False,False,False,False,False,False,True,False,False,False,False,185
2017,5,518.272,False,False,True,False,False,False,False,False,True,False,False,False,False,185
2016,4,194.352,False,False,True,False,False,False,True,False,False,False,False,False,False,185
2015,4,56.686,False,False,False,False,False,False,False,False,True,False,False,False,False,185
2014,6,647.84,False,False,False,False,False,False,False,False,True,False,False,False,False,185
2016,8,145.764,True,False,False,False,False,False,False,True,False,False,False,False,False,185
2015,11,1106.91,False,False,False,False,True,False,False,False,False,False,False,False,False,186
2014,10,258.279,False,False,False,False,False,False,False,False,True,False,False,False,False,186
2016,9,98.392,False,True,False,False,False,False,False,False,True,False,False,False,False,186
2017,2,196.784,False,True,False,False,False,False,False,False,True,False,False,False,False,186
2016,4,344.372,False,False,False,False,False,True,False,False,False,False,False,False,False,186
2014,10,245.98,True,False,False,False,False,False,False,False,True,False,False,False,False,186
2017,12,393.568,False,False,True,False,False,False,True,False,False,False,False,False,False,186
2017,3,368.97,False,False,False,False,False,False,False,False,True,False,False,False,False,186
2015,5,602.651,False,False,False,False,False,False,False,False,True,False,False,False,False,186
2017,10,221.382,True,False,False,False,False,False,False,True,False,False,False,False,False,186
2014,7,172.186,True,False,False,False,False,False,False,False,False,True,False,False,False,186
2015,11,344.372,True,False,False,False,False,False,False,False,False,True,False,False,False,186
2016,9,885.528,False,False,True,False,False,False,False,False,False,False,True,False,False,186
2016,3,196.784,False,False,True,False,False,False,False,False,False,False,False,False,True,186
2017,11,127.386,False,False,False,False,False,False,False,False,False,False,False,False,False,187
2017,11,272.97,True,False,False,False,False,False,False,False,True,False,False,False,False,187
2016,5,191.079,False,False,False,False,False,False,False,False,True,False,False,False,False,187
2015,10,582.336,False,False,True,False,False,False,False,False,True,False,False,False,False,187
2014,3,218.376,False,True,False,False,False,False,False,False,True,False,False,False,False,187
2017,3,90.99,False,False,False,False,False,False,False,False,True,False,False,False,False,187
2014,1,545.94,False,True,False,False,False,False,False,False,True,False,False,False,False,187
2015,11,327.564,True,False,False,False,False,False,False,True,False,False,False,False,False,187
2015,10,291.168,False,False,True,False,False,False,False,False,True,False,False,False,False,187
2014,9,785.88,True,False,False,False,False,False,False,False,True,False,False,False,False,188
2014,10,183.372,True,False,False,False,False,False,False,False,True,False,False,False,False,188
2017,3,211.246,False,False,False,False,False,True,False,False,False,False,False,False,False,189
2017,11,241.424,False,False,True,False,False,False,True,False,False,False,False,False,False,189
2016,12,754.45,False,False,False,False,False,False,False,False,True,False,False,False,False,189
2014,11,120.712,False,False,True,False,False,False,False,False,True,False,False,False,False,189
2015,10,362.136,False,False,True,False,False,False,False,False,True,False,False,False,False,189
2017,12,842.376,False,False,True,False,False,False,False,False,True,False,False,False,False,190
2016,11,1684.752,False,False,True,False,False,False,True,False,False,False,False,False,False,190
2014,4,561.584,False,True,False,False,False,False,False,False,True,False,False,False,False,190
2016,9,631.782,True,False,False,False,False,False,False,False,True,False,False,False,False,190
2014,9,631.782,True,False,False,False,False,False,False,True,False,False,False,False,False,190
2017,6,280.792,False,False,True,False,False,False,False,False,True,False,False,False,False,190
2014,6,1228.465,True,False,False,False,False,False,False,False,False,True,False,False,False,190
2016,3,844.116,False,False,False,False,False,False,False,False,False,False,False,False,False,191
2014,4,562.744,True,False,False,True,False,False,False,False,False,False,False,False,False,191
2015,12,361.764,True,False,False,False,False,False,False,False,True,False,False,False,False,191
2016,12,542.646,True,False,False,False,False,False,False,False,True,False,False,False,False,191
2015,5,844.116,True,False,False,False,False,False,False,False,False,True,False,False,False,191
2016,12,321.568,False,False,True,False,False,False,False,False,False,False,False,True,False,191
2017,11,321.568,False,False,True,False,False,False,False,False,False,False,False,True,False,191
2015,6,643.136,False,True,False,False,False,False,False,False,True,False,False,False,False,191
2014,3,1125.488,False,True,False,False,False,False,False,False,True,False,False,False,False,191
2016,6,422.058,True,False,False,False,False,False,False,False,True,False,False,False,False,191
2016,9,215.976,False,False,True,False,False,False,False,False,True,False,False,False,False,192
2016,7,287.968,False,False,True,False,False,False,True,False,False,False,False,False,False,192
2015,4,89.99,False,False,False,False,False,False,False,False,True,False,False,False,False,192
2017,9,80.991,True,False,False,False,False,False,False,True,False,False,False,False,False,192
2017,9,269.97,False,False,False,False,False,False,False,False,True,False,False,False,False,192
2017,10,71.992,False,False,True,False,False,False,False,False,False,False,False,True,False,192
2017,9,215.976,False,False,True,False,False,False,False,False,False,False,False,False,True,192
2017,11,215.976,False,False,True,False,False,False,False,False,True,False,False,False,False,192
2015,5,722.352,False,False,True,False,False,False,False,False,True,False,False,False,False,193
2014,8,421.372,False,False,False,False,False,False,False,False,False,False,False,False,False,193
2017,12,300.98,False,True,False,False,False,False,False,False,True,False,False,False,False,193
2016,11,1474.802,True,False,False,False,False,False,False,False,True,False,False,False,False,193
2015,10,240.784,False,False,True,False,False,False,False,False,False,False,True,False,False,193
2014,3,481.568,False,False,True,False,False,False,False,False,False,False,False,False,True,193
2017,2,963.136,False,False,True,False,False,False,False,False,False,False,False,False,True,193
2017,3,1805.88,False,False,False,False,False,False,False,False,True,False,False,False,False,193
2015,2,161.568,False,True,False,False,False,False,False,False,True,False,False,False,False,194
2015,12,70.686,True,False,False,False,False,False,False,False,True,False,False,False,False,194
2017,9,161.568,False,False,True,False,False,False,False,False,True,False,False,False,False,194
2017,9,181.764,True,False,False,False,False,False,False,True,False,False,False,False,False,194
2017,12,302.94,True,False,False,False,False,False,False,False,True,False,False,False,False,194
2017,9,141.372,True,False,False,False,False,False,False,False,False,True,False,False,False,194
2016,5,484.704,False,False,True,False,False,False,False,False,True,False,False,False,False,194
2014,12,242.352,False,False,True,False,False,False,False,False,True,False,False,False,False,194
2015,7,150.98,True,False,False,False,False,False,False,False,True,False,False,False,False,195
2015,11,301.96,False,False,False,False,False,False,False,False,True,False,False,False,False,195
2016,10,120.784,False,False,True,False,False,False,False,False,True,False,False,False,False,195
2016,6,483.136,False,False,True,False,False,False,False,False,True,False,False,False,False,195
2015,9,1056.86,False,True,False,False,False,False,False,False,True,False,False,False,False,195
2016,12,845.488,False,False,False,False,False,False,False,False,True,False,False,False,False,195
2015,7,383.607,False,False,False,False,False,False,False,False,False,False,False,False,False,196
2015,2,389.696,False,True,False,False,False,False,False,False,True,False,False,False,False,196
2016,9,85.246,True,False,False,False,False,False,False,False,True,False,False,False,False,196
2016,11,182.67,False,True,False,False,False,False,False,False,True,False,False,False,False,196
2015,12,97.424,False,True,False,False,False,False,False,False,True,False,False,False,False,196
2014,12,767.214,True,False,False,False,False,False,False,True,False,False,False,False,False,196
2015,11,146.136,False,True,False,False,False,False,False,False,True,False,False,False,False,196
2016,12,85.246,False,False,False,False,False,False,False,False,True,False,False,False,False,196
2014,3,48.712,False,False,True,False,False,False,False,False,False,False,False,False,True,196
2016,2,62.958,False,False,False,False,False,False,False,False,False,False,False,False,False,197
2014,12,239.84,True,False,False,False,False,False,False,False,True,False,False,False,False,197
2014,11,149.9,False,True,False,False,False,False,False,False,True,False,False,False,False,197
2016,12,47.968,False,False,True,False,False,False,False,False,True,False,False,False,False,197
2016,12,29.98,False,False,False,False,False,False,False,False,True,False,False,False,False,197
2015,5,104.93,False,False,False,False,False,False,False,False,True,False,False,False,False,197
2016,3,167.888,False,False,True,False,False,False,False,False,False,False,False,False,True,197
2014,3,127.302,False,False,False,False,False,False,False,False,True,False,False,False,False,198
2016,5,187.056,False,True,False,False,False,False,False,False,True,False,False,False,False,198
2014,4,51.96,False,True,False,False,False,False,False,False,True,False,False,False,False,198
2015,7,155.88,False,False,False,False,False,False,False,False,True,False,False,False,False,198
2016,4,41.568,False,False,True,False,False,False,True,False,False,False,False,False,False,198
2016,9,83.136,False,False,True,False,False,False,False,False,True,False,False,False,False,198
2017,10,254.604,False,False,False,False,False,False,False,False,True,False,False,False,False,198
2017,6,470.302,False,False,False,False,False,False,False,False,False,False,False,False,False,199
2015,12,191.96,False,False,False,False,False,False,False,False,True,False,False,False,False,199
2014,11,479.9,False,False,False,False,False,False,False,False,True,False,False,False,False,199
2014,9,172.764,True,False,False,False,False,False,False,True,False,False,False,False,False,199
2016,1,153.568,False,False,True,False,False,False,False,False,False,False,True,False,False,199
2015,9,307.136,False,False,True,False,False,False,False,False,False,False,False,False,True,199
2017,10,614.272,False,False,True,False,False,False,False,False,False,False,False,False,True,199
2017,5,106.869,False,False,False,False,False,False,False,False,False,False,False,False,False,200
2016,11,81.424,False,False,True,False,False,False,True,False,False,False,False,False,False,200
2017,7,122.136,False,False,True,False,False,False,True,False,False,False,False,False,False,200
2016,9,71.246,True,False,False,False,False,False,False,False,False,True,False,False,False,200
2016,12,81.424,False,False,True,False,False,False,False,False,False,False,True,False,False,200
2016,9,701.372,False,False,False,False,False,False,False,False,True,False,False,False,False,201
2016,11,1603.136,False,False,True,False,False,False,False,False,True,False,False,False,False,201
2017,9,2254.41,True,False,False,False,False,False,False,True,False,False,False,False,False,201
2016,5,801.568,False,False,True,False,False,False,False,False,True,False,False,False,False,201
2016,8,1603.136,False,False,True,False,False,False,False,False,False,False,True,False,False,201
2016,9,801.568,False,False,True,False,False,False,False,False,False,False,True,False,False,201
2014,7,801.568,False,False,True,False,False,False,False,False,False,False,False,True,False,201
2015,12,2003.92,False,False,True,False,False,False,False,False,False,False,False,False,True,201
2017,11,2404.704,False,False,True,False,False,False,False,False,False,False,False,False,True,201
2015,4,213.115,False,False,False,False,False,False,False,False,False,False,False,False,False,202
2014,2,60.89,False,False,False,False,False,False,False,False,True,False,False,False,False,202
2016,9,121.78,False,True,False,True,False,False,False,False,False,False,False,False,False,202
2016,6,85.246,False,False,False,False,False,True,False,False,False,False,False,False,False,202
2014,12,292.272,False,False,True,False,False,False,True,False,False,False,False,False,False,202
2017,12,304.45,False,True,False,False,False,False,False,False,True,False,False,False,False,202
2015,3,383.607,True,False,False,False,False,False,False,True,False,False,False,False,False,202
2017,7,194.848,False,True,False,False,False,False,False,False,True,False,False,False,False,202
2014,5,127.869,False,False,False,False,False,False,False,False,True,False,False,False,False,202
2016,10,194.848,False,False,True,False,False,False,False,False,False,False,False,True,False,202
2017,9,97.184,False,True,False,False,False,False,False,False,True,False,False,False,False,203
2015,9,170.072,False,False,False,False,False,False,False,False,False,False,False,False,False,203
2016,11,127.554,True,False,False,True,False,False,False,False,False,False,False,False,False,203
2015,12,546.66,False,False,False,False,True,False,False,False,False,False,False,False,False,203
2015,9,60.74,True,False,False,False,False,False,False,False,True,False,False,False,False,203
2014,8,340.144,False,False,True,False,False,False,True,False,False,False,False,False,False,203
2016,3,327.996,True,False,False,False,False,False,False,True,False,False,False,False,False,203
2017,12,97.184,False,False,True,False,False,False,False,False,True,False,False,False,False,203
2016,11,255.108,False,False,False,False,False,False,False,False,True,False,False,False,False,203
2017,12,182.22,True,False,False,False,False,False,False,False,True,False,False,False,False,203
2016,12,363.92,False,False,True,False,False,False,False,False,True,False,False,False,False,204
2015,7,382.116,False,False,False,False,False,False,False,False,True,False,False,False,False,204
2017,4,436.704,False,False,True,False,False,False,False,False,True,False,False,False,False,204
2016,11,318.43,False,False,False,False,False,True,False,False,False,False,False,False,False,204
2017,9,318.43,False,False,False,False,False,True,False,False,False,False,False,False,False,204
2017,11,191.058,False,False,False,False,False,True,False,False,False,False,False,False,False,204
2017,4,218.352,False,True,False,False,False,False,False,False,True,False,False,False,False,204
2017,4,218.352,False,False,True,False,False,False,True,False,False,False,False,False,False,204
2017,9,63.686,True,False,False,False,False,False,False,False,True,False,False,False,False,204
2014,10,545.88,False,True,False,False,False,False,False,False,True,False,False,False,False,204
2016,11,245.646,True,False,False,False,False,False,False,True,False,False,False,False,False,204
2014,12,445.802,True,False,False,False,False,False,False,False,False,True,False,False,False,204
2017,11,127.372,True,False,False,False,False,False,False,False,False,True,False,False,False,204
2017,6,291.136,False,False,True,False,False,False,False,False,False,False,False,False,True,204
2017,12,520.464,False,False,False,False,False,False,False,False,True,False,False,False,False,205
2017,9,520.464,False,False,False,False,False,False,False,False,False,False,False,False,False,205
2014,9,1487.04,False,False,True,False,False,False,False,False,True,False,False,False,False,205
2015,4,892.224,False,False,True,False,False,False,True,False,False,False,False,False,False,205
2017,2,892.224,False,False,True,False,False,False,True,False,False,False,False,False,False,205
2017,9,594.816,False,False,True,False,False,False,True,False,False,False,False,False,False,205
2015,12,2676.672,False,False,True,False,False,False,False,False,False,False,True,False,False,205
2014,4,1487.04,False,False,True,False,False,False,False,False,True,False,False,False,False,205
2015,10,2453.43,False,False,False,False,False,False,False,False,True,False,False,False,False,206
2014,7,981.372,False,False,False,False,False,False,False,False,True,False,False,False,False,206
2016,5,3504.9,False,False,False,False,True,False,False,False,False,False,False,False,False,206
2017,5,2803.92,False,True,False,False,False,False,False,False,True,False,False,False,False,206
2015,1,2803.92,False,False,True,False,False,False,True,False,False,False,False,False,False,206
2014,9,3785.292,True,False,False,False,False,False,False,True,False,False,False,False,False,206
2017,8,4416.174,True,False,False,False,False,False,False,False,False,True,False,False,False,206
2016,4,1121.568,False,False,True,False,False,False,False,False,False,False,False,True,False,206
2017,12,68.46,False,False,True,False,False,False,False,False,True,False,False,False,False,207
2015,2,136.92,False,False,True,False,False,False,True,False,False,False,False,False,False,207
2017,12,54.768,True,False,False,False,False,False,False,False,False,True,False,False,False,207
2015,12,142.36,False,False,False,False,True,False,False,False,False,False,False,False,False,208
2017,9,498.26,False,False,False,False,True,False,False,False,False,False,False,False,False,208
2017,11,113.888,False,False,True,False,False,False,False,False,True,False,False,False,False,208
2014,12,192.186,True,False,False,False,False,False,False,True,False,False,False,False,False,208
2017,11,128.124,True,False,False,False,False,False,False,True,False,False,False,False,False,208
2016,11,113.888,False,False,True,False,False,False,False,False,True,False,False,False,False,208
2016,9,113.888,False,False,True,False,False,False,False,False,False,False,False,False,True,208
2015,1,199.304,False,False,False,False,False,False,False,False,True,False,False,False,False,208
2014,3,362.25,False,False,False,False,False,False,False,False,True,False,False,False,False,209
2016,2,241.5,False,False,False,False,False,True,False,False,False,False,False,False,False,209
2017,5,207.0,False,True,False,False,False,False,False,False,True,False,False,False,False,209
2015,9,517.5,False,True,False,False,False,False,False,False,True,False,False,False,False,209
2017,12,258.75,False,True,False,False,False,False,False,False,True,False,False,False,False,209
2015,11,207.0,False,True,False,False,False,False,False,False,True,False,False,False,False,209
2015,12,422.625,True,False,False,False,False,False,False,False,False,True,False,False,False,209
2016,12,172.5,True,False,False,False,False,False,False,False,True,False,False,False,False,209
2017,5,181.986,False,False,False,False,False,False,False,False,False,False,False,False,False,210
2015,1,181.986,True,False,False,False,False,False,False,False,True,False,False,False,False,210
2015,10,389.97,False,False,False,False,True,False,False,False,False,False,False,False,False,210
2016,11,389.97,False,False,False,False,True,False,False,False,False,False,False,False,False,210
2014,12,1819.86,False,True,False,False,False,False,False,False,True,False,False,False,False,210
2016,9,454.965,False,False,False,False,False,True,False,False,False,False,False,False,False,210
2016,11,207.984,False,True,False,False,False,False,False,False,True,False,False,False,False,210
2015,4,831.936,False,True,False,False,False,False,False,False,True,False,False,False,False,210
2017,7,311.976,False,False,True,False,False,False,False,False,True,False,False,False,False,210
2015,6,1123.92,False,True,False,False,False,False,False,False,True,False,False,False,False,211
2014,7,674.352,False,False,True,False,False,False,False,False,True,False,False,False,False,211
2016,8,786.744,True,False,False,False,False,False,False,False,False,True,False,False,False,211
2015,7,1348.704,False,False,True,False,False,False,False,False,False,False,False,True,False,211
2017,11,449.568,False,False,True,False,False,False,False,False,False,False,False,False,True,211
2017,11,899.136,False,False,True,False,False,False,False,False,True,False,False,False,False,211
2014,2,1256.22,False,True,False,False,False,False,False,False,True,False,False,False,False,212
2015,8,1004.976,False,False,True,False,False,False,True,False,False,False,False,False,False,212
2016,6,376.866,True,False,False,False,False,False,False,False,True,False,False,False,False,212
2014,7,502.488,False,False,True,False,False,False,False,False,False,False,False,True,False,212
2014,9,73.915,False,False,True,False,False,False,False,False,True,False,False,False,False,213
2015,8,103.481,False,False,False,False,False,False,False,False,True,False,False,False,False,213
2017,9,236.528,False,False,True,False,False,False,True,False,False,False,False,False,False,213
2017,10,517.405,False,False,False,False,False,False,False,False,True,False,False,False,False,213
2014,10,591.32,False,True,False,False,False,False,False,False,True,False,False,False,False,213
2015,11,206.962,False,False,False,False,False,False,False,False,True,False,False,False,False,213
2017,7,310.443,True,False,False,False,False,False,False,False,True,False,False,False,False,213
2014,3,613.908,True,False,False,False,False,False,False,True,False,False,False,False,False,214
2014,9,409.272,True,False,False,False,False,False,False,False,False,True,False,False,False,214
2014,7,272.848,False,False,True,False,False,False,False,False,False,False,False,True,False,214
2017,12,242.352,False,False,True,False,False,False,False,False,True,False,False,False,False,215
2014,11,424.116,False,False,False,False,False,False,False,False,True,False,False,False,False,215
2016,7,504.9,False,True,False,False,False,False,False,False,True,False,False,False,False,215
2017,5,302.94,False,True,False,False,False,False,False,False,True,False,False,False,False,215
2016,8,447.84,False,False,False,False,True,False,False,False,False,False,False,False,False,216
2014,6,447.84,False,False,True,False,False,False,True,False,False,False,False,False,False,216
2016,12,268.704,False,False,True,False,False,False,False,False,True,False,False,False,False,216
2014,9,67.176,True,False,False,False,False,False,False,False,False,True,False,False,False,216
2016,9,466.768,False,False,True,False,False,False,False,False,True,False,False,False,False,217
2015,7,408.422,False,False,False,False,False,False,False,False,True,False,False,False,False,217
2017,5,1458.65,False,False,False,False,True,False,False,False,False,False,False,False,False,217
2016,4,933.536,False,False,True,False,False,False,False,False,True,False,False,False,False,217
2015,4,408.422,False,False,False,False,False,True,False,False,False,False,False,False,False,217
2015,3,1166.92,False,True,False,False,False,False,False,False,True,False,False,False,False,217
2017,9,2888.127,True,False,False,False,False,False,False,True,False,False,False,False,False,217
2015,7,700.152,False,False,True,False,False,False,False,False,False,False,False,True,False,217
2016,5,641.96,False,True,False,False,False,False,False,False,True,False,False,False,False,218
2014,12,674.058,False,False,False,False,False,True,False,False,False,False,False,False,False,218
2017,6,1925.88,False,False,False,False,False,False,False,False,True,False,False,False,False,218
2015,11,577.764,True,False,False,False,False,False,False,True,False,False,False,False,False,218
2016,12,866.646,True,False,False,False,False,False,False,True,False,False,False,False,False,218
2016,11,449.372,True,False,False,False,False,False,False,False,True,False,False,False,False,218
2016,3,770.352,False,False,True,False,False,False,False,False,False,False,False,True,False,218
2017,8,1779.9,True,False,False,False,False,False,False,False,True,False,False,False,False,219
2016,9,747.558,False,False,False,False,False,False,False,False,True,False,False,False,False,219
2016,7,854.352,False,False,True,False,False,False,False,False,True,False,False,False,False,219
2014,1,1067.94,False,True,False,False,False,False,False,False,True,False,False,False,False,219
2016,12,2563.056,True,False,False,False,False,False,False,True,False,False,False,False,False,219
2017,8,569.568,False,False,True,False,False,False,False,False,True,False,False,False,False,219
2016,10,727.45,False,False,True,False,False,False,False,False,True,False,False,False,False,220
2017,11,523.764,False,True,False,False,False,False,False,False,True,False,False,False,False,220
2014,12,523.764,True,False,False,False,False,False,False,False,False,True,False,False,False,220
2016,12,581.96,False,False,False,False,False,False,False,False,True,False,False,False,False,220
2014,7,698.352,False,False,True,False,False,False,False,False,False,False,False,True,False,220
2017,11,2036.86,False,False,True,False,False,False,False,False,False,False,False,False,True,220
2017,7,872.94,False,True,False,False,False,False,False,False,True,False,False,False,False,220
2017,10,66.645,False,False,False,False,False,False,False,False,True,False,False,False,False,221
2016,12,79.974,False,True,False,False,False,False,False,False,True,False,False,False,False,221
2015,2,35.544,False,False,True,False,False,False,False,False,True,False,False,False,False,221
2016,6,71.088,False,False,True,False,False,False,True,False,False,False,False,False,False,221
2017,11,71.088,False,False,True,False,False,False,True,False,False,False,False,False,False,221
2014,12,53.316,True,False,False,False,False,False,False,True,False,False,False,False,False,221
2017,11,79.974,True,False,False,False,False,False,False,True,False,False,False,False,False,221
2017,7,124.404,False,False,False,False,False,False,False,False,True,False,False,False,False,221
2016,5,71.088,False,False,True,False,False,False,False,False,False,False,False,True,False,221
2017,11,2665.62,False,False,True,False,False,False,False,False,True,False,False,False,False,222
2014,3,1184.72,False,False,False,False,False,False,False,False,True,False,False,False,False,222
2014,10,1421.664,True,False,False,False,False,False,False,False,True,False,False,False,False,222
2015,4,710.832,False,False,True,False,False,False,False,False,True,False,False,False,False,222
2016,12,1421.664,False,False,True,False,False,False,False,False,False,False,False,True,False,222
2017,10,239.358,False,False,False,False,False,False,False,False,True,False,False,False,False,223
2016,2,227.96,True,False,False,False,False,False,False,False,True,False,False,False,False,223
2015,9,102.582,True,False,False,False,False,False,False,False,True,False,False,False,False,223
2016,4,638.288,False,False,True,False,False,False,True,False,False,False,False,False,False,223
2017,6,273.552,False,True,False,False,False,False,False,False,True,False,False,False,False,223
2015,11,205.164,True,False,False,False,False,False,False,True,False,False,False,False,False,223
2017,11,853.93,False,False,False,False,False,True,False,False,False,False,False,False,False,224
2014,7,512.358,False,False,False,False,False,False,False,False,True,False,False,False,False,224
2016,7,195.184,False,False,True,False,False,False,True,False,False,False,False,False,False,224
2016,8,1024.716,False,False,False,False,False,False,False,False,True,False,False,False,False,224
2017,11,390.368,False,True,False,False,False,False,False,False,True,False,False,False,False,225
2014,6,853.93,True,False,False,False,False,False,False,False,True,False,False,False,False,225
2017,6,487.96,False,False,False,False,True,False,False,False,False,False,False,False,False,225
2016,12,1951.84,False,False,False,False,False,False,False,False,True,False,False,False,False,225
2016,11,731.94,False,True,False,False,False,False,False,False,True,False,False,False,False,225
2017,11,975.92,False,True,False,False,False,False,False,False,True,False,False,False,False,225
2016,12,170.786,True,False,False,False,False,False,False,False,True,False,False,False,False,225
2016,4,1976.2379999999998,True,False,False,False,False,False,False,True,False,False,False,False,False,225
2016,11,1537.074,True,False,False,False,False,False,False,False,True,False,False,False,False,225
2014,9,975.92,False,False,True,False,False,False,False,False,True,False,False,False,False,225
2014,9,585.552,False,False,True,False,False,False,False,False,False,False,True,False,False,225
2014,11,683.144,False,False,False,False,False,True,False,False,False,False,False,False,False,226
2014,6,585.552,False,False,True,False,False,False,False,False,False,False,False,False,True,226
2016,10,387.136,False,False,True,False,False,False,False,False,True,False,False,False,False,227
2017,10,254.058,False,False,False,False,False,False,False,False,True,False,False,False,False,227
2016,2,326.646,True,False,False,False,False,False,False,True,False,False,False,False,False,227
2015,6,1522.638,True,False,False,False,False,False,False,False,True,False,False,False,False,228
2017,7,526.344,False,False,False,False,False,False,False,False,False,False,False,False,False,228
2014,7,657.93,False,False,False,False,False,False,False,False,True,False,False,False,False,228
2016,12,751.92,True,False,False,False,False,False,False,False,True,False,False,False,False,228
2015,9,601.536,False,False,True,False,False,False,True,False,False,False,False,False,False,228
2014,11,563.94,False,False,False,False,False,False,False,False,True,False,False,False,False,228
2016,12,563.94,False,False,False,False,False,False,False,False,True,False,False,False,False,228
2014,11,657.93,True,False,False,False,False,False,False,False,False,True,False,False,False,228
2016,11,451.152,False,False,True,False,False,False,False,False,False,False,False,True,False,228
2017,10,451.152,False,False,True,False,False,False,False,False,False,False,False,False,True,228
2016,7,544.008,False,False,True,False,False,False,False,False,True,False,False,False,False,229
2017,12,906.68,False,False,True,False,False,False,False,False,True,False,False,False,False,229
2017,12,1586.69,False,False,False,False,True,False,False,False,False,False,False,False,False,229
2016,12,680.01,False,False,False,False,False,False,False,False,True,False,False,False,False,229
2014,11,725.344,False,False,True,False,False,False,True,False,False,False,False,False,False,229
2014,8,1133.35,True,False,False,False,False,False,False,False,True,False,False,False,False,229
2016,7,408.006,True,False,False,False,False,False,False,True,False,False,False,False,False,229
2016,11,408.006,True,False,False,False,False,False,False,True,False,False,False,False,False,229
2015,8,544.008,False,False,True,False,False,False,False,False,False,False,False,True,False,229
2016,4,354.9,False,True,False,True,False,False,False,False,False,False,False,False,False,230
2015,7,127.764,False,False,True,False,False,False,False,False,True,False,False,False,False,230
2015,11,681.408,True,False,False,False,False,False,False,True,False,False,False,False,False,230
2014,6,193.0656,False,False,False,False,False,False,False,False,True,False,False,False,False,230
2017,1,212.94,False,False,False,False,False,False,False,False,True,False,False,False,False,230
2014,6,212.94,False,False,False,False,True,False,False,False,False,False,False,False,False,231
2014,8,638.82,False,True,False,False,False,False,False,False,True,False,False,False,False,231
2015,11,141.96,False,False,True,False,False,False,False,False,True,False,False,False,False,232
2017,6,638.82,True,False,False,False,False,False,False,False,True,False,False,False,False,232
2016,11,113.568,True,False,False,False,False,False,False,True,False,False,False,False,False,232
2017,12,141.96,False,False,True,False,False,False,False,False,False,False,False,False,True,232
2015,2,283.92,True,False,False,False,False,False,False,False,True,False,False,False,False,232
2016,9,368.97,False,True,False,True,False,False,False,False,False,False,False,False,False,233
2015,3,860.93,False,False,False,False,False,False,False,False,True,False,False,False,False,233
2016,5,442.764,True,False,False,False,False,False,False,True,False,False,False,False,False,233
2017,7,664.146,True,False,False,False,False,False,False,True,False,False,False,False,False,233
2016,10,368.97,False,False,False,False,False,False,False,False,True,False,False,False,False,233
2015,9,1516.2,False,False,False,True,False,False,False,False,False,False,False,False,False,234
2014,12,909.72,True,False,False,True,False,False,False,False,False,False,False,False,False,234
2014,5,1212.96,False,False,False,False,False,False,False,False,True,False,False,False,False,234
2017,8,866.4,False,True,False,False,False,False,False,False,True,False,False,False,False,234
2016,2,866.4,False,True,False,False,False,False,False,False,True,False,False,False,False,234
2017,6,1212.96,False,False,True,False,False,False,False,False,False,False,False,True,False,234
2016,12,892.136,False,False,True,False,False,False,False,False,True,False,False,False,False,235
2015,11,446.068,True,False,False,False,False,False,False,False,True,False,False,False,False,235
2014,12,764.688,False,False,True,False,False,False,False,False,True,False,False,False,False,235
2016,3,557.585,False,False,False,False,False,False,False,False,True,False,False,False,False,235
2016,6,1115.17,False,False,True,False,False,False,False,False,False,False,False,False,True,235
2017,8,423.648,False,True,False,False,False,False,False,False,True,False,False,False,False,236
2015,11,2621.322,True,False,False,False,False,False,False,True,False,False,False,False,False,236
2015,11,1323.9,False,False,False,False,False,False,False,False,True,False,False,False,False,236
2016,9,1059.12,False,True,False,False,False,False,False,False,True,False,False,False,False,236
2016,7,140.81,False,True,False,False,False,False,False,False,True,False,False,False,False,237
2015,9,1408.1,False,False,False,False,False,False,False,False,True,False,False,False,False,237
2016,8,225.296,False,True,False,False,False,False,False,False,True,False,False,False,False,237
2014,12,1013.832,False,True,False,False,False,False,False,False,True,False,False,False,False,237
2014,5,225.296,False,False,True,False,False,False,True,False,False,False,False,False,False,237
2014,11,112.648,False,False,True,False,False,False,True,False,False,False,False,False,False,237
2016,9,563.24,False,False,True,False,False,False,True,False,False,False,False,False,False,237
2014,9,887.103,True,False,False,False,False,False,False,True,False,False,False,False,False,237
2016,10,492.835,True,False,False,False,False,False,False,False,False,True,False,False,False,237
2017,7,225.296,False,False,True,False,False,False,False,False,False,False,True,False,False,237
2014,10,1604.9,True,False,False,False,False,False,False,False,True,False,False,False,False,238
2017,9,2054.272,False,False,True,False,False,False,False,False,True,False,False,False,False,238
2015,5,2567.84,False,False,False,False,False,False,False,False,True,False,False,False,False,238
2014,5,256.784,False,False,True,False,False,False,False,False,True,False,False,False,False,238
2016,1,1592.85,False,False,False,False,False,False,False,False,True,False,False,False,False,239
2014,10,409.59,True,False,False,False,False,False,False,False,True,False,False,False,False,239
2014,12,455.1,False,True,False,False,False,False,False,False,True,False,False,False,False,239
2017,11,364.08,False,False,True,False,False,False,True,False,False,False,False,False,False,239
2015,11,375.4575,False,True,False,False,False,False,False,False,True,False,False,False,False,239
2017,8,1137.75,False,False,True,False,False,False,False,False,False,False,False,False,True,239
2015,8,918.785,False,False,False,False,False,False,False,False,True,False,False,False,False,240
2016,11,630.024,False,True,False,False,False,False,False,False,True,False,False,False,False,240
2016,9,472.518,False,True,False,False,False,False,False,False,True,False,False,False,False,240
2014,11,945.036,False,True,False,False,False,False,False,False,True,False,False,False,False,240
2017,8,210.008,False,False,True,False,False,False,False,False,False,False,False,True,False,240
2015,3,787.53,False,False,True,False,False,False,False,False,False,False,False,False,True,240
2015,6,796.425,False,False,False,False,False,False,False,False,True,False,False,False,False,241
2017,12,273.06,True,False,False,False,False,False,False,False,True,False,False,False,False,241
2014,12,136.53,True,False,False,False,False,False,False,False,True,False,False,False,False,241
2016,5,2275.5,False,True,False,False,False,False,False,False,True,False,False,False,False,241
2017,12,504.9,False,True,False,False,False,False,False,False,True,False,False,False,False,242
2015,12,302.94,False,False,False,False,True,False,False,False,False,False,False,False,False,242
2017,9,272.646,True,False,False,False,False,False,False,True,False,False,False,False,False,242
2016,6,161.568,False,False,True,False,False,False,False,False,True,False,False,False,False,242
2015,11,34.504,False,False,False,False,False,False,False,False,False,False,False,False,False,243
2017,7,129.39,False,False,True,False,False,False,False,False,True,False,False,False,False,243
2015,3,43.13,False,False,True,False,False,False,True,False,False,False,False,False,False,243
2017,1,474.43,False,False,True,False,False,False,True,False,False,False,False,False,False,243
2017,9,34.504,False,True,False,False,False,False,False,False,True,False,False,False,False,244
2017,2,86.26,False,False,True,False,False,False,True,False,False,False,False,False,False,244
2014,7,69.008,True,False,False,False,False,False,False,False,False,True,False,False,False,244
2015,12,51.756,False,False,False,False,False,False,False,False,True,False,False,False,False,244
2016,7,215.65,False,False,True,False,False,False,False,False,True,False,False,False,False,244
2016,9,43.13,False,False,True,False,False,False,False,False,False,False,False,False,True,244
2016,11,207.76,True,False,False,False,False,False,False,False,True,False,False,False,False,245
2015,12,41.552,False,False,False,False,False,False,False,False,True,False,False,False,False,245
2016,11,467.46,False,False,True,False,False,False,True,False,False,False,False,False,False,245
2015,7,155.82,True,False,False,False,False,False,False,True,False,False,False,False,False,245
2015,11,259.7,True,False,False,False,False,False,False,True,False,False,False,False,False,245
2014,1,51.94,False,True,False,False,False,False,False,False,True,False,False,False,False,245
2017,4,196.45,False,False,True,False,False,False,False,False,True,False,False,False,False,246
2015,7,282.888,True,False,False,False,False,False,False,False,False,True,False,False,False,246
2014,12,94.428,False,False,False,False,False,False,False,False,False,False,False,False,False,247
2015,11,692.472,False,True,False,False,False,False,False,False,True,False,False,False,False,247
2014,12,300.416,False,False,True,False,False,False,False,False,True,False,False,False,False,248
2014,4,187.76,False,False,True,False,False,False,True,False,False,False,False,False,False,248
2017,11,46.94,False,False,False,False,False,False,False,False,True,False,False,False,False,248
2017,11,187.76,True,False,False,False,False,False,False,True,False,False,False,False,False,248
2015,12,262.864,True,False,False,False,False,False,False,False,True,False,False,False,False,248
2017,12,56.328,False,False,False,False,False,False,False,False,True,False,False,False,False,248
2017,2,68.704,False,False,True,False,False,False,False,False,True,False,False,False,False,249
2014,11,68.704,True,False,False,False,False,False,False,False,True,False,False,False,False,249
2015,7,128.82,True,False,False,False,False,False,False,True,False,False,False,False,False,249
2016,5,214.7,True,False,False,False,False,False,False,True,False,False,False,False,False,249
2017,9,103.056,True,False,False,False,False,False,False,False,True,False,False,False,False,249
2015,6,257.64,False,False,True,False,False,False,False,False,False,False,False,True,False,249
2015,12,206.112,False,False,True,False,False,False,False,False,True,False,False,False,False,249
2016,10,165.048,False,True,False,False,False,False,False,False,True,False,False,False,False,250
2016,12,343.85,False,True,False,False,False,False,False,False,True,False,False,False,False,250
2017,11,220.064,False,True,False,False,False,False,False,False,True,False,False,False,False,250
2014,11,137.54,False,False,True,False,False,False,False,False,False,False,False,False,True,250
2017,3,82.524,False,False,False,False,False,False,False,False,True,False,False,False,False,250
2017,9,51.75,False,False,True,False,False,False,False,False,True,False,False,False,False,251
2016,7,51.75,False,True,False,True,False,False,False,False,False,False,False,False,False,251
2017,3,103.5,False,False,False,False,False,True,False,False,False,False,False,False,False,251
2016,3,414.0,True,False,False,False,False,False,False,True,False,False,False,False,False,251
2017,6,155.25,False,False,True,False,False,False,False,False,True,False,False,False,False,251
2015,7,289.8,True,False,False,False,False,False,False,False,False,True,False,False,False,251
2015,9,124.2,True,False,False,False,False,False,False,False,False,True,False,False,False,251
2016,9,82.8,True,False,False,False,False,False,False,False,False,True,False,False,False,251
2017,8,51.75,False,False,True,False,False,False,False,False,True,False,False,False,False,251
2016,7,255.76,False,False,True,False,False,False,False,False,True,False,False,False,False,252
2014,1,76.728,False,False,False,False,False,False,False,False,True,False,False,False,False,252
2016,9,191.82,True,False,False,False,False,False,False,False,True,False,False,False,False,252
2016,9,191.82,True,False,False,False,False,False,False,True,False,False,False,False,False,252
2016,12,383.64,False,False,True,False,False,False,False,False,True,False,False,False,False,252
2017,9,409.216,False,False,True,False,False,False,False,False,True,False,False,False,False,252
2016,3,127.88,False,True,False,False,False,False,False,False,True,False,False,False,False,252
2016,4,127.88,False,False,False,False,False,True,False,False,False,False,False,False,False,253
2016,12,191.82,False,True,False,False,False,False,False,False,True,False,False,False,False,253
2016,9,63.94,True,False,False,False,False,False,False,True,False,False,False,False,False,253
2015,9,191.82,False,False,True,False,False,False,False,False,False,False,False,False,True,253
2017,11,274.2,True,False,False,False,False,False,False,False,True,False,False,False,False,254
2017,3,43.872,True,False,False,False,False,False,False,False,True,False,False,False,False,254
2015,9,21.936,False,False,False,False,False,True,False,False,False,False,False,False,False,254
2016,10,82.26,True,False,False,False,False,False,False,True,False,False,False,False,False,254
2017,11,27.42,True,False,False,False,False,False,False,True,False,False,False,False,False,254
2016,11,82.26,False,False,True,False,False,False,False,False,False,False,False,False,True,254
2014,12,186.304,False,True,False,False,False,False,False,False,True,False,False,False,False,255
2017,12,232.88,False,True,False,False,False,False,False,False,True,False,False,False,False,255
2014,5,512.336,False,False,True,False,False,False,True,False,False,False,False,False,False,255
2014,3,366.786,True,False,False,False,False,False,False,True,False,False,False,False,False,255
2015,10,291.1,True,False,False,False,False,False,False,False,True,False,False,False,False,255
2017,6,452.94,False,True,False,True,False,False,False,False,False,False,False,False,False,256
2015,11,301.96,False,True,False,False,False,False,False,False,True,False,False,False,False,256
2015,4,211.372,False,False,False,False,False,False,False,False,True,False,False,False,False,256
2015,4,241.568,False,False,True,False,False,False,True,False,False,False,False,False,False,256
2016,8,815.292,True,False,False,False,False,False,False,False,False,True,False,False,False,256
2016,12,377.45,False,False,True,False,False,False,False,False,True,False,False,False,False,256
2016,12,1056.86,False,True,False,False,False,False,False,False,True,False,False,False,False,256
2017,10,154.764,False,True,False,False,False,False,False,False,True,False,False,False,False,257
2014,12,214.95,False,False,False,False,False,False,False,False,False,False,False,False,False,257
2017,10,206.352,False,False,True,False,False,False,False,False,True,False,False,False,False,257
2017,10,240.744,True,False,False,False,False,False,False,False,True,False,False,False,False,257
2016,11,331.023,False,True,False,False,False,False,False,False,True,False,False,False,False,257
2017,2,386.91,False,False,True,False,False,False,False,False,True,False,False,False,False,257
2016,9,300.93,False,False,False,False,False,True,False,False,False,False,False,False,False,257
2015,9,85.98,False,True,False,False,False,False,False,False,True,False,False,False,False,257
2015,12,51.588,True,False,False,False,False,False,False,False,True,False,False,False,False,257
2014,9,464.292,True,False,False,False,False,False,False,True,False,False,False,False,False,257
2014,4,154.764,True,False,False,False,False,False,False,False,False,True,False,False,False,257
2017,3,154.764,True,False,False,False,False,False,False,False,False,True,False,False,False,257
2017,11,257.94,False,False,False,False,False,False,False,False,True,False,False,False,False,257
2014,6,515.88,False,False,True,False,False,False,False,False,False,False,False,False,True,257
2015,3,171.96,False,False,True,False,False,False,False,False,False,False,False,False,True,257
2014,6,85.98,False,True,False,False,False,False,False,False,True,False,False,False,False,257
2016,4,343.92,False,True,False,False,False,False,False,False,True,False,False,False,False,257
2014,9,429.9,False,False,False,False,False,False,False,False,True,False,False,False,False,257
2016,6,177.225,False,False,False,False,False,False,False,False,False,False,False,False,False,258
2015,10,347.361,False,False,False,False,False,True,False,False,False,False,False,False,False,258
2015,9,170.136,False,False,True,False,False,False,True,False,False,False,False,False,False,258
2015,8,382.806,True,False,False,False,False,False,False,True,False,False,False,False,False,258
2016,12,35.445,False,False,True,False,False,False,False,False,True,False,False,False,False,258
2017,10,177.225,False,False,True,False,False,False,False,False,True,False,False,False,False,258
2014,5,567.12,False,False,True,False,False,False,False,False,False,False,True,False,False,258
2017,9,283.56,False,False,True,False,False,False,False,False,False,False,False,False,True,258
2016,11,863.128,False,False,False,False,False,True,False,False,False,False,False,False,False,259
2015,4,369.912,False,False,True,False,False,False,False,False,True,False,False,False,False,259
2016,7,863.128,False,False,True,False,False,False,False,False,False,False,False,True,False,259
2017,9,72.784,False,False,True,False,False,False,False,False,True,False,False,False,False,260
2016,7,363.92,False,True,False,False,False,False,False,False,True,False,False,False,False,260
2014,9,145.568,False,False,True,False,False,False,True,False,False,False,False,False,False,260
2016,8,573.174,True,False,False,False,False,False,False,True,False,False,False,False,False,260
2017,12,63.686,True,False,False,False,False,False,False,False,False,True,False,False,False,260
2017,9,218.352,False,False,True,False,False,False,False,False,False,False,False,True,False,260
2017,10,91.275,False,False,False,False,False,False,False,False,False,False,False,False,False,261
2016,12,328.59,True,False,False,True,False,False,False,False,False,False,False,False,False,261
2017,11,127.785,False,False,False,False,False,False,False,False,True,False,False,False,False,261
2014,10,328.59,False,True,False,False,False,False,False,False,True,False,False,False,False,261
2017,12,182.55,False,False,True,False,False,False,False,False,True,False,False,False,False,261
2015,9,912.75,False,False,True,False,False,False,False,False,True,False,False,False,False,261
2016,9,146.04,False,False,True,False,False,False,False,False,True,False,False,False,False,261
2014,11,730.2,False,False,True,False,False,False,False,False,False,False,False,False,True,261
2017,1,399.672,False,False,True,False,False,False,True,False,False,False,False,False,False,262
2017,3,399.672,False,False,True,False,False,False,True,False,False,False,False,False,False,262
2017,5,171.288,False,False,True,False,False,False,True,False,False,False,False,False,False,262
2015,11,214.11,False,False,False,False,False,False,False,False,True,False,False,False,False,262
2017,10,171.288,False,False,True,False,False,False,False,False,True,False,False,False,False,262
2014,6,99.918,False,False,False,False,False,False,False,False,True,False,False,False,False,262
2017,5,285.48,False,False,True,False,False,False,False,False,False,False,False,True,False,262
2017,10,356.85,False,True,False,False,False,False,False,False,True,False,False,False,False,262
2015,7,199.836,True,False,False,False,False,False,False,False,True,False,False,False,False,262
2014,12,763.28,False,False,False,False,False,False,False,False,True,False,False,False,False,263
2015,12,348.928,False,False,True,False,False,False,False,False,True,False,False,False,False,263
2014,5,872.32,True,False,False,False,False,False,False,False,True,False,False,False,False,263
2017,3,1526.56,False,False,False,False,False,False,False,False,True,False,False,False,False,263
2016,9,872.32,True,False,False,False,False,False,False,False,True,False,False,False,False,263
2017,11,305.312,False,False,False,False,False,False,False,False,True,False,False,False,False,263
2017,11,523.392,False,False,True,False,False,False,False,False,False,False,True,False,False,263
2017,11,30.56,False,False,False,False,False,False,False,False,True,False,False,False,False,264
2017,1,48.896,True,False,False,False,False,False,False,False,True,False,False,False,False,264
2014,12,45.84,True,False,False,False,False,False,False,False,True,False,False,False,False,264
2016,6,61.12,True,False,False,False,False,False,False,True,False,False,False,False,False,264
2017,4,36.672,True,False,False,False,False,False,False,False,False,True,False,False,False,264
2017,10,30.56,False,False,True,False,False,False,False,False,False,False,False,True,False,264
2016,10,101.94,False,False,True,False,False,False,False,False,False,False,False,False,True,265
2014,12,8.624,False,False,False,False,False,False,False,False,True,False,False,False,False,266
2015,9,4.928,False,False,False,False,False,True,False,False,False,False,False,False,False,266
2017,8,15.4,False,True,False,False,False,False,False,False,True,False,False,False,False,266
2017,9,9.24,False,False,True,False,False,False,True,False,False,False,False,False,False,266
2015,4,6.16,False,False,False,False,False,False,False,False,True,False,False,False,False,266
2015,8,6.16,True,False,False,False,False,False,False,True,False,False,False,False,False,266
2014,12,9.24,False,False,True,False,False,False,False,False,True,False,False,False,False,266
2015,9,6.16,False,False,False,False,False,False,False,False,True,False,False,False,False,266
2016,10,43.12,False,False,True,False,False,False,False,False,True,False,False,False,False,266
2014,9,6.16,False,False,True,False,False,False,False,False,False,False,False,False,True,266
2016,12,799.56,True,False,False,False,False,False,False,True,False,False,False,False,False,267
2014,7,213.216,False,True,False,False,False,False,False,False,True,False,False,False,False,267
2015,6,355.36,False,False,True,False,False,False,False,False,True,False,False,False,False,267
2014,4,177.68,False,True,False,False,False,False,False,False,True,False,False,False,False,267
2015,11,79.76,False,False,True,False,False,False,True,False,False,False,False,False,False,268
2016,11,39.88,True,False,False,False,False,False,False,True,False,False,False,False,False,268
2014,11,39.88,False,False,True,False,False,False,False,False,False,False,True,False,False,268
2014,12,39.88,False,False,True,False,False,False,False,False,False,False,False,True,False,268
2017,4,139.58,False,False,True,False,False,False,False,False,False,False,False,False,True,268
2017,7,102.3,True,False,False,False,False,False,False,False,True,False,False,False,False,269
2014,9,204.6,False,False,True,False,False,False,True,False,False,False,False,False,False,269
2017,9,511.5,False,False,True,False,False,False,True,False,False,False,False,False,False,269
2017,4,306.9,False,False,False,False,False,False,False,False,True,False,False,False,False,269
2015,9,204.6,False,False,True,False,False,False,False,False,True,False,False,False,False,269
2017,11,1049.2,True,False,False,False,False,False,False,False,True,False,False,False,False,270
2016,6,419.68,False,False,False,False,False,False,False,False,False,False,False,False,False,270
2015,11,335.744,False,True,False,False,False,False,False,False,True,False,False,False,False,270
2017,11,1007.232,True,False,False,False,False,False,False,False,False,True,False,False,False,270
2016,5,1049.2,False,False,True,False,False,False,False,False,True,False,False,False,False,270
2017,5,520.05,True,False,False,False,False,False,False,False,True,False,False,False,False,271
2016,8,312.03,False,False,True,False,False,False,True,False,False,False,False,False,False,271
2016,10,332.832,True,False,False,False,False,False,False,False,False,True,False,False,False,271
2014,6,104.01,False,True,False,False,False,False,False,False,True,False,False,False,False,271
2016,10,11.568,False,True,False,False,False,False,False,False,True,False,False,False,False,272
2015,10,24.1,False,True,False,False,False,False,False,False,True,False,False,False,False,272
2016,11,24.1,False,True,False,False,False,False,False,False,True,False,False,False,False,272
2017,12,7.712,True,False,False,False,False,False,False,False,True,False,False,False,False,272
2015,12,7.712,False,False,True,False,False,False,False,False,True,False,False,False,False,272
2017,10,9.64,False,False,True,False,False,False,False,False,True,False,False,False,False,272
2016,12,41.96,False,False,True,False,False,False,False,False,True,False,False,False,False,273
2017,10,83.92,True,False,False,False,False,False,False,True,False,False,False,False,False,273
2017,12,83.92,True,False,False,False,False,False,False,True,False,False,False,False,False,273
2016,11,41.96,False,False,True,False,False,False,False,False,False,False,False,True,False,273
2014,11,31.68,True,False,False,False,False,False,False,False,True,False,False,False,False,274
2017,2,21.12,False,False,True,False,False,False,True,False,False,False,False,False,False,274
2016,12,21.12,True,False,False,False,False,False,False,False,True,False,False,False,False,274
2015,7,25.344,True,False,False,False,False,False,False,False,False,True,False,False,False,274
2017,7,36.96,False,False,True,False,False,False,False,False,False,False,False,True,False,274
2017,7,15.84,False,False,True,False,False,False,False,False,False,False,False,False,True,274
2014,11,6.096,False,False,False,False,False,False,False,False,True,False,False,False,False,275
2014,12,8.128,True,False,False,True,False,False,False,False,False,False,False,False,False,275
2015,12,20.32,False,True,False,False,False,False,False,False,True,False,False,False,False,275
2014,9,15.24,True,False,False,False,False,False,False,True,False,False,False,False,False,275
2017,9,35.56,True,False,False,False,False,False,False,True,False,False,False,False,False,275
2016,3,20.32,True,False,False,False,False,False,False,False,True,False,False,False,False,275
2014,2,20.32,False,False,False,False,False,False,False,False,True,False,False,False,False,275
2016,7,25.4,False,False,True,False,False,False,False,False,False,False,False,True,False,275
2016,7,25.4,False,False,True,False,False,False,False,False,False,False,False,False,True,275
2017,12,2.032,False,False,False,False,False,False,False,False,False,False,False,False,False,276
2017,9,20.32,False,True,False,True,False,False,False,False,False,False,False,False,False,276
2015,12,15.24,False,False,True,False,False,False,True,False,False,False,False,False,False,276
2017,10,10.16,False,True,False,False,False,False,False,False,True,False,False,False,False,276
2015,12,36.4,False,False,True,False,False,False,True,False,False,False,False,False,False,277
2014,2,14.56,False,False,True,False,False,False,False,False,True,False,False,False,False,277
2014,12,8.736,False,False,False,False,False,False,False,False,True,False,False,False,False,277
2016,7,11.648,True,False,False,False,False,False,False,False,True,False,False,False,False,278
2017,4,14.56,False,False,False,False,False,False,False,False,False,False,False,False,False,278
2015,12,52.416,False,False,True,False,False,False,False,False,True,False,False,False,False,278
2014,9,14.56,True,False,False,False,False,False,False,True,False,False,False,False,False,278
2017,5,14.56,True,False,False,False,False,False,False,True,False,False,False,False,False,278
2014,9,17.472,True,False,False,False,False,False,False,False,False,True,False,False,False,278
2014,8,29.12,False,True,False,False,False,False,False,False,True,False,False,False,False,278
2014,12,30.36,True,False,False,False,False,False,False,False,True,False,False,False,False,279
2016,11,30.36,False,False,False,False,False,False,False,False,True,False,False,False,False,279
2017,12,22.77,False,False,True,False,False,False,False,False,False,False,False,False,True,279
2014,7,67.88,False,True,False,False,False,False,False,False,True,False,False,False,False,280
2015,9,47.516,False,False,False,False,False,False,False,False,True,False,False,False,False,280
2016,10,427.644,True,False,False,False,False,False,False,True,False,False,False,False,False,280
2017,10,33.94,False,True,False,False,False,False,False,False,True,False,False,False,False,280
2017,10,108.608,False,False,True,False,False,False,False,False,True,False,False,False,False,280
2015,5,97.568,False,False,True,False,False,False,False,False,True,False,False,False,False,281
2016,11,195.136,False,False,True,False,False,False,False,False,True,False,False,False,False,281
2014,10,146.352,False,False,True,False,False,False,True,False,False,False,False,False,False,281
2017,9,243.92,False,False,True,False,False,False,True,False,False,False,False,False,False,281
2015,7,341.488,True,False,False,False,False,False,False,False,False,True,False,False,False,281
2014,8,195.136,False,False,True,False,False,False,False,False,False,False,False,True,False,281
2017,10,97.568,False,False,True,False,False,False,False,False,False,False,False,False,True,281
2017,7,182.94,False,False,False,False,False,False,False,False,True,False,False,False,False,281
2016,5,390.272,False,True,False,False,False,False,False,False,True,False,False,False,False,281
2015,10,454.272,False,False,True,False,False,False,False,False,True,False,False,False,False,282
2017,11,283.92,False,False,True,False,False,False,False,False,True,False,False,False,False,282
2015,7,70.98,False,True,False,False,False,False,False,False,True,False,False,False,False,282
2017,12,113.568,False,False,True,False,False,False,False,False,False,False,False,True,False,282
2016,3,528.43,False,False,False,False,False,False,False,False,True,False,False,False,False,283
2017,5,301.96,False,True,False,False,False,False,False,False,True,False,False,False,False,283
2015,5,317.058,True,False,False,True,False,False,False,False,False,False,False,False,False,283
2014,3,634.116,False,False,False,False,False,False,False,False,True,False,False,False,False,283
2014,11,603.92,False,False,True,False,False,False,True,False,False,False,False,False,False,283
2015,5,105.686,False,False,False,False,False,False,False,False,True,False,False,False,False,283
2017,1,120.784,False,False,True,False,False,False,False,False,False,False,False,True,False,283
2016,11,301.96,False,False,False,False,False,False,False,False,True,False,False,False,False,283
2017,12,340.704,False,False,True,False,False,False,False,False,True,False,False,False,False,284
2017,3,170.352,False,False,True,False,False,False,True,False,False,False,False,False,False,284
2015,4,127.764,True,False,False,False,False,False,False,True,False,False,False,False,False,284
2015,7,170.352,False,False,True,False,False,False,False,False,True,False,False,False,False,284
2016,6,319.41,True,False,False,False,False,False,False,False,True,False,False,False,False,284
2016,12,212.94,True,False,False,False,False,False,False,False,True,False,False,False,False,284
2015,8,7.88,False,False,False,False,False,True,False,False,False,False,False,False,False,285
2015,11,11.82,True,False,False,False,False,False,False,True,False,False,False,False,False,285
2017,12,101.12,False,False,True,False,False,False,False,False,True,False,False,False,False,286
2014,12,63.2,True,False,False,False,False,False,False,False,True,False,False,False,False,286
2017,6,30.336,False,False,False,False,False,False,False,False,True,False,False,False,False,286
2014,9,60.672,True,False,False,False,False,False,False,False,True,False,False,False,False,286
2017,7,91.008,True,False,False,False,False,False,False,False,False,True,False,False,False,286
2016,9,63.2,False,False,True,False,False,False,False,False,False,False,False,True,False,286
2015,12,14.368,False,False,True,False,False,False,False,False,True,False,False,False,False,287
2014,12,10.776,False,False,False,False,False,False,False,False,False,False,False,False,False,287
2016,5,26.94,False,False,False,False,False,False,False,False,True,False,False,False,False,287
2016,5,35.92,True,False,False,False,False,False,False,True,False,False,False,False,False,287
2016,11,14.368,True,False,False,False,False,False,False,False,False,True,False,False,False,287
2016,2,14.368,False,False,True,False,False,False,False,False,True,False,False,False,False,287
2014,8,53.88,False,False,False,False,False,False,False,False,True,False,False,False,False,287
2017,10,45.888,True,False,False,False,False,False,False,False,True,False,False,False,False,288
2014,7,43.02,False,False,True,False,False,False,False,False,False,False,True,False,False,288
2017,10,157.74,False,False,False,False,False,False,False,False,True,False,False,False,False,288
2017,3,51.264,True,False,False,True,False,False,False,False,False,False,False,False,False,289
2015,10,74.76,False,False,True,False,False,False,True,False,False,False,False,False,False,289
2016,9,25.632,True,False,False,False,False,False,False,False,False,True,False,False,False,289
2017,5,1628.82,False,True,False,False,False,False,False,False,True,False,False,False,False,290
2015,8,307.666,False,False,True,False,False,False,True,False,False,False,False,False,False,290
2015,1,452.45,True,False,False,False,False,False,False,False,True,False,False,False,False,290
2016,7,579.136,True,False,False,False,False,False,False,True,False,False,False,False,False,290
2016,11,289.568,False,True,False,False,False,False,False,False,True,False,False,False,False,290
2015,9,361.96,True,False,False,False,False,False,False,False,True,False,False,False,False,290
2016,6,1266.86,False,True,False,False,False,False,False,False,True,False,False,False,False,290
2014,8,155.456,False,True,False,False,False,False,False,False,True,False,False,False,False,291
2017,8,145.74,False,True,False,False,False,False,False,False,True,False,False,False,False,291
2015,9,194.32,False,False,False,False,False,False,False,False,True,False,False,False,False,291
2017,6,77.728,False,True,False,False,False,False,False,False,True,False,False,False,False,291
2017,12,102.018,False,False,True,False,False,False,False,False,True,False,False,False,False,291
2016,1,48.58,False,False,True,False,False,False,False,False,False,False,False,False,True,291
2015,11,186.048,True,False,False,False,False,False,False,True,False,False,False,False,False,292
2017,7,87.21,True,False,False,False,False,False,False,False,False,True,False,False,False,292
2017,12,148.257,False,False,True,False,False,False,False,False,True,False,False,False,False,292
2017,6,174.42,False,False,True,False,False,False,False,False,False,False,False,False,True,292
2015,4,523.26,False,True,False,False,False,False,False,False,True,False,False,False,False,292
2017,4,387.136,False,True,False,False,False,False,False,False,True,False,False,False,False,293
2014,3,302.45,True,False,False,True,False,False,False,False,False,False,False,False,False,293
2017,9,241.96,False,False,False,False,False,False,False,False,True,False,False,False,False,293
2017,12,1336.829,False,False,True,False,False,False,False,False,False,False,False,True,False,293
2014,1,181.47,False,False,True,False,False,False,False,False,True,False,False,False,False,293
2017,9,72.588,False,False,True,False,False,False,False,False,True,False,False,False,False,293
2017,10,217.764,False,False,True,False,False,False,False,False,True,False,False,False,False,293
2016,12,81.94,True,False,False,False,False,False,False,False,True,False,False,False,False,294
2015,12,131.104,False,True,False,False,False,False,False,False,True,False,False,False,False,294
2016,8,163.88,True,False,False,False,False,False,False,False,False,True,False,False,False,294
2016,9,163.88,False,False,True,False,False,False,False,False,False,False,False,False,True,294
2015,7,384.944,False,False,False,False,False,False,False,False,True,False,False,False,False,295
2015,8,687.4,False,False,False,False,False,False,False,False,True,False,False,False,False,295
2016,11,339.92,False,True,False,False,False,False,False,False,True,False,False,False,False,296
2017,1,84.98,False,False,True,False,False,False,False,False,False,False,False,False,True,296
2017,8,183.372,False,False,False,False,False,False,False,False,False,False,False,False,False,297
2016,9,523.92,True,False,False,False,False,False,False,True,False,False,False,False,False,297
2017,10,314.352,True,False,False,False,False,False,False,True,False,False,False,False,False,297
2014,1,333.999,False,False,True,False,False,False,False,False,False,False,False,True,False,297
2017,10,556.665,False,False,True,False,False,False,False,False,False,False,False,True,False,297
2014,9,362.94,True,False,False,False,False,False,False,False,True,False,False,False,False,298
2014,10,616.998,False,False,True,False,False,False,True,False,False,False,False,False,False,298
2017,6,514.165,False,False,True,False,False,False,True,False,False,False,False,False,False,298
2015,11,290.352,False,True,False,False,False,False,False,False,True,False,False,False,False,298
2016,12,205.666,False,False,True,False,False,False,False,False,True,False,False,False,False,298
2016,10,120.98,True,False,False,False,False,False,False,False,True,False,False,False,False,298
2014,4,308.499,False,False,True,False,False,False,False,False,True,False,False,False,False,298
2014,3,205.666,False,False,True,False,False,False,False,False,False,False,False,True,False,298
2017,4,102.833,False,False,True,False,False,False,False,False,True,False,False,False,False,298
2016,8,241.96,False,False,False,False,False,False,False,False,True,False,False,False,False,298
2016,3,301.47,True,False,False,False,False,False,False,False,True,False,False,False,False,299
2015,5,1406.86,False,False,True,False,False,False,False,False,True,False,False,False,False,299
2015,11,683.332,False,False,True,False,False,False,False,False,True,False,False,False,False,299
2015,11,512.499,False,False,True,False,False,False,False,False,False,False,True,False,False,299
2015,1,1352.3976,False,False,False,False,False,False,False,False,True,False,False,False,False,300
2014,9,300.5328,False,False,False,False,False,True,False,False,False,False,False,False,False,300
2016,3,176.784,True,False,False,False,False,False,False,False,True,False,False,False,False,300
2014,6,353.568,True,False,False,False,False,False,False,True,False,False,False,False,False,300
2014,12,883.92,True,False,False,False,False,False,False,True,False,False,False,False,False,300
2016,6,353.568,True,False,False,False,False,False,False,True,False,False,False,False,False,300
2017,11,723.92,False,True,False,False,False,False,False,False,True,False,False,False,False,301
2015,8,369.1992,False,False,False,False,False,True,False,False,False,False,False,False,False,301
2015,11,246.1328,False,False,False,False,False,False,False,False,True,False,False,False,False,301
2017,10,307.666,False,False,True,False,False,False,False,False,False,False,False,True,False,301
2017,6,409.9992,False,False,False,False,False,False,False,False,True,False,False,False,False,302
2016,11,956.6648,False,False,False,False,False,True,False,False,False,False,False,False,False,302
2016,9,956.6648,False,False,False,False,False,False,False,False,True,False,False,False,False,302
2017,11,321.568,True,False,False,False,False,False,False,True,False,False,False,False,False,302
2015,8,301.47,True,False,False,False,False,False,False,False,False,True,False,False,False,302
2016,8,5.344,False,False,False,False,False,True,False,False,False,False,False,False,False,303
2014,11,20.04,False,False,True,False,False,False,True,False,False,False,False,False,False,303
2015,8,10.02,True,False,False,False,False,False,False,True,False,False,False,False,False,303
2016,5,10.02,True,False,False,False,False,False,False,True,False,False,False,False,False,303
2017,12,13.36,False,False,True,False,False,False,False,False,True,False,False,False,False,303
2017,11,24.048,True,False,False,False,False,False,False,False,False,True,False,False,False,303
2017,10,637.896,True,False,False,False,False,False,False,False,True,False,False,False,False,304
2017,8,1488.424,True,False,False,False,False,False,False,False,True,False,False,False,False,304
2016,7,2430.08,False,True,False,False,False,False,False,False,True,False,False,False,False,304
2017,12,607.52,False,False,False,False,False,False,False,False,True,False,False,False,False,304
2016,3,637.896,False,False,False,False,False,False,False,False,True,False,False,False,False,304
2016,12,563.92,False,False,True,False,False,False,False,False,True,False,False,False,False,305
2014,12,338.352,False,False,True,False,False,False,False,False,True,False,False,False,False,305
2015,6,197.372,False,False,False,False,False,False,False,False,True,False,False,False,False,305
2016,7,253.764,True,False,False,False,False,False,False,True,False,False,False,False,False,305
2017,12,1141.938,True,False,False,False,False,False,False,True,False,False,False,False,False,305
2015,11,225.568,False,False,True,False,False,False,False,False,False,False,True,False,False,305
2015,2,1268.82,True,False,False,False,False,False,False,False,True,False,False,False,False,305
2016,9,155.372,True,False,False,True,False,False,False,False,False,False,False,False,False,306
2015,7,266.352,False,False,True,False,False,False,False,False,True,False,False,False,False,306
2017,1,310.744,False,False,False,False,False,False,False,False,True,False,False,False,False,306
2016,10,599.292,True,False,False,False,False,False,False,True,False,False,False,False,False,306
2015,6,332.94,False,True,False,False,False,False,False,False,True,False,False,False,False,306
2017,9,177.568,False,False,True,False,False,False,False,False,False,False,False,False,True,306
2015,12,275.058,False,False,False,False,False,True,False,False,False,False,False,False,False,307
2017,1,419.136,False,True,False,False,False,False,False,False,True,False,False,False,False,307
2016,5,366.744,False,False,False,False,False,False,False,False,True,False,False,False,False,308
2017,5,261.96,True,False,False,False,False,False,False,False,True,False,False,False,False,308
2016,12,458.43,True,False,False,True,False,False,False,False,False,False,False,False,False,308
2016,11,104.784,False,False,True,False,False,False,False,False,True,False,False,False,False,308
2017,9,419.136,False,True,False,False,False,False,False,False,True,False,False,False,False,308
2014,10,589.41,True,False,False,False,False,False,False,True,False,False,False,False,False,308
2017,9,589.41,True,False,False,False,False,False,False,True,False,False,False,False,False,308
2015,3,366.744,False,False,False,False,False,False,False,False,True,False,False,False,False,308
2015,11,523.92,False,True,False,False,False,False,False,False,True,False,False,False,False,308
2014,10,1628.82,True,False,False,False,False,False,False,False,True,False,False,False,False,309
2017,10,579.136,False,False,True,False,False,False,False,False,True,False,False,False,False,309
2016,9,242.94,False,False,False,False,True,False,False,False,False,False,False,False,False,310
2015,12,364.41,True,False,False,False,False,False,False,False,True,False,False,False,False,310
2016,10,56.686,False,False,False,False,False,True,False,False,False,False,False,False,False,310
2017,10,145.764,True,False,False,False,False,False,False,True,False,False,False,False,False,310
2017,9,113.372,True,False,False,False,False,False,False,False,False,True,False,False,False,310
2015,9,129.568,False,False,True,False,False,False,False,False,False,False,False,True,False,310
2014,7,259.136,False,False,True,False,False,False,False,False,True,False,False,False,False,310
2014,11,392.94,False,False,False,False,False,False,False,False,True,False,False,False,False,311
2017,11,209.568,False,True,False,False,False,False,False,False,True,False,False,False,False,311
2017,5,314.352,False,True,False,False,False,False,False,False,True,False,False,False,False,311
2015,6,117.882,True,False,False,False,False,False,False,True,False,False,False,False,False,311
2017,5,458.43,True,False,False,False,False,False,False,False,False,True,False,False,False,311
2014,3,314.352,False,False,True,False,False,False,False,False,True,False,False,False,False,311
2015,10,392.94,False,True,False,False,False,False,False,False,True,False,False,False,False,311
2015,11,1448.82,True,False,False,False,False,False,False,False,True,False,False,False,False,312
2014,9,579.528,True,False,False,False,False,False,False,True,False,False,False,False,False,312
2016,4,434.646,True,False,False,False,False,False,False,True,False,False,False,False,False,312
2017,12,1159.056,False,False,True,False,False,False,False,False,True,False,False,False,False,312
2016,3,563.43,False,False,False,False,False,False,False,False,True,False,False,False,False,312
2016,9,350.98,False,True,False,False,False,False,False,False,True,False,False,False,False,313
2017,11,701.96,False,True,False,False,False,False,False,False,True,False,False,False,False,313
2014,12,2807.84,False,False,False,False,False,False,False,False,True,False,False,False,False,313
2014,12,1403.92,False,False,True,False,False,False,False,False,True,False,False,False,False,313
2017,12,701.96,False,True,False,False,False,False,False,False,True,False,False,False,False,313
2015,10,842.352,False,False,True,False,False,False,False,False,False,False,True,False,False,313
2016,10,1403.92,False,False,True,False,False,False,False,False,False,False,False,True,False,313
2015,7,561.568,False,False,True,False,False,False,False,False,False,False,False,False,True,313
2017,7,163.764,True,False,False,False,False,False,False,True,False,False,False,False,False,314
2014,3,436.704,False,False,True,False,False,False,False,False,False,False,False,False,True,314
2017,1,302.67,False,False,False,False,False,False,False,False,True,False,False,False,False,315
2016,10,242.136,False,False,True,False,False,False,True,False,False,False,False,False,False,315
2016,7,403.56,False,False,False,False,False,False,False,False,True,False,False,False,False,315
2017,9,90.801,True,False,False,False,False,False,False,True,False,False,False,False,False,315
2017,7,302.67,False,False,False,False,False,False,False,False,True,False,False,False,False,315
2014,10,605.34,False,True,False,False,False,False,False,False,True,False,False,False,False,315
2017,11,233.058,False,False,False,False,False,False,False,False,True,False,False,False,False,316
2016,5,388.43,False,False,False,False,False,False,False,False,True,False,False,False,False,316
2014,11,155.372,False,False,False,False,False,True,False,False,False,False,False,False,False,316
2015,9,199.764,True,False,False,False,False,False,False,True,False,False,False,False,False,316
2015,8,110.98,True,False,False,False,False,False,False,False,True,False,False,False,False,316
2016,8,532.704,False,False,True,False,False,False,False,False,False,False,False,False,True,316
2017,11,155.372,True,False,False,False,False,False,False,False,True,False,False,False,False,316
2014,6,170.058,True,False,False,False,False,False,False,False,True,False,False,False,False,317
2016,11,194.352,False,False,True,False,False,False,True,False,False,False,False,False,False,317
2015,11,396.802,True,False,False,False,False,False,False,False,True,False,False,False,False,317
2014,9,340.116,False,False,False,False,False,False,False,False,True,False,False,False,False,317
2017,12,113.372,False,False,False,False,False,False,False,False,True,False,False,False,False,317
2017,8,388.704,False,False,True,False,False,False,False,False,False,False,False,False,True,317
2014,12,64.784,False,True,False,False,False,False,False,False,True,False,False,False,False,317
2014,9,161.96,False,False,False,False,False,False,False,False,True,False,False,False,False,317
2016,2,10.56,True,False,False,False,False,False,False,False,True,False,False,False,False,318
2016,4,7.04,False,True,False,True,False,False,False,False,False,False,False,False,False,318
2014,8,4.224,False,False,True,False,False,False,False,False,True,False,False,False,False,318
2017,7,8.8,False,True,False,False,False,False,False,False,True,False,False,False,False,318
2015,7,5.28,False,False,True,False,False,False,False,False,False,False,False,True,False,318
2014,9,200.795,False,False,False,False,False,True,False,False,False,False,False,False,False,319
2015,12,1548.99,True,False,False,False,False,False,False,False,True,False,False,False,False,319
2015,9,344.22,True,False,False,False,False,False,False,True,False,False,False,False,False,319
2017,11,2065.32,True,False,False,False,False,False,False,False,False,True,False,False,False,319
2017,5,286.85,False,False,True,False,False,False,False,False,False,False,False,False,True,319
2014,4,401.59,False,False,False,False,False,True,False,False,False,False,False,False,False,320
2017,9,344.22,True,False,False,False,False,False,False,False,True,False,False,False,False,320
2014,4,172.11,True,False,False,False,False,False,False,False,True,False,False,False,False,320
2015,11,4404.9,True,False,False,False,False,False,False,False,True,False,False,False,False,321
2016,9,2396.2656,False,False,False,False,False,True,False,False,False,False,False,False,False,321
2017,6,1497.666,False,False,True,False,False,False,True,False,False,False,False,False,False,321
2015,9,4228.704,True,False,False,False,False,False,False,True,False,False,False,False,False,321
2015,9,3083.43,True,False,False,False,False,False,False,False,False,True,False,False,False,321
2015,5,665.88,False,False,True,False,False,False,False,False,True,False,False,False,False,322
2014,2,332.94,False,False,False,False,False,False,False,False,True,False,False,False,False,322
2016,9,532.704,True,False,False,False,False,False,False,False,True,False,False,False,False,322
2016,6,266.352,False,False,True,False,False,False,False,False,True,False,False,False,False,322
2017,12,266.352,False,False,False,False,False,False,False,False,True,False,False,False,False,322
2015,11,170.98,True,False,False,False,False,False,False,False,True,False,False,False,False,323
2015,3,512.94,False,False,False,False,False,False,False,False,True,False,False,False,False,323
2014,9,435.999,False,False,True,False,False,False,False,False,False,False,True,False,False,323
2014,7,1367.84,False,False,True,False,False,False,False,False,False,False,False,False,True,323
2015,12,160.98,False,False,False,False,True,False,False,False,False,False,False,False,False,324
2017,10,328.3992,False,False,False,False,False,False,False,False,True,False,False,False,False,324
2016,7,662.88,False,False,True,False,False,False,False,False,True,False,False,False,False,325
2016,4,1325.76,False,False,True,False,False,False,False,False,True,False,False,False,False,325
2014,12,662.88,False,True,False,False,False,False,False,False,True,False,False,False,False,325
2015,12,883.84,False,False,True,False,False,False,False,False,True,False,False,False,False,325
2014,9,966.7,False,False,False,False,False,True,False,False,False,False,False,False,False,325
2015,7,441.92,False,False,True,False,False,False,False,False,True,False,False,False,False,325
2017,11,1242.9,True,False,False,False,False,False,False,True,False,False,False,False,False,325
2016,3,386.68,True,False,False,False,False,False,False,False,False,True,False,False,False,325
2017,11,828.6,False,False,False,False,False,False,False,False,True,False,False,False,False,325
2015,11,883.84,False,False,True,False,False,False,False,False,True,False,False,False,False,325
2014,9,1740.06,False,False,False,False,False,False,False,False,True,False,False,False,False,325
2014,12,1325.76,False,False,True,False,False,False,False,False,False,False,True,False,False,325
2017,5,220.96,False,False,True,False,False,False,False,False,False,False,False,False,True,325
2017,3,89.768,False,False,False,False,False,False,False,False,False,False,False,False,False,326
2016,10,102.592,False,True,False,False,False,False,False,False,True,False,False,False,False,326
2017,9,512.96,True,False,False,False,False,False,False,False,True,False,False,False,False,326
2014,11,37.296,False,False,False,False,False,False,False,False,True,False,False,False,False,327
2017,5,26.64,False,False,False,False,True,False,False,False,False,False,False,False,False,327
2017,8,74.592,False,False,False,False,False,True,False,False,False,False,False,False,False,327
2015,4,63.936,False,False,True,False,False,False,False,False,False,False,True,False,False,327
2017,5,42.624,False,False,True,False,False,False,False,False,False,False,False,False,True,327
2017,11,486.368,False,False,True,False,False,False,False,False,True,False,False,False,False,328
2014,4,1215.92,False,True,False,False,False,False,False,False,True,False,False,False,False,328
2015,10,364.776,False,False,True,False,False,False,True,False,False,False,False,False,False,328
2017,2,455.97,True,False,False,False,False,False,False,False,True,False,False,False,False,328
2016,12,455.97,False,False,True,False,False,False,False,False,True,False,False,False,False,328
2017,4,1048.35,True,False,False,False,False,False,False,False,True,False,False,False,False,329
2016,8,244.615,True,False,False,False,False,False,False,False,True,False,False,False,False,329
2015,10,209.67,True,False,False,False,False,False,False,False,True,False,False,False,False,329
2016,12,1747.25,False,False,True,False,False,False,False,False,False,False,False,False,True,329
2014,8,489.23,False,False,False,False,False,False,False,False,True,False,False,False,False,329
2014,8,500.24,False,True,False,False,False,False,False,False,True,False,False,False,False,330
2014,11,69.264,True,False,False,False,False,False,False,True,False,False,False,False,False,330
2017,12,188.552,True,False,False,False,False,False,False,False,False,True,False,False,False,330
2014,7,123.136,False,False,True,False,False,False,False,False,False,False,False,False,True,330
2015,11,715.2,True,False,False,False,False,False,False,False,True,False,False,False,False,331
2017,5,476.8,False,False,False,False,True,False,False,False,False,False,False,False,False,331
2014,11,381.44,False,False,True,False,False,False,True,False,False,False,False,False,False,331
2015,11,190.72,False,False,True,False,False,False,True,False,False,False,False,False,False,331
2015,7,1931.04,True,False,False,False,False,False,False,True,False,False,False,False,False,331
2017,6,858.24,True,False,False,False,False,False,False,True,False,False,False,False,False,331
2015,11,572.16,False,False,True,False,False,False,False,False,True,False,False,False,False,331
2014,12,572.16,False,False,True,False,False,False,False,False,False,False,True,False,False,331
2017,7,298.116,False,False,False,False,False,False,False,False,True,False,False,False,False,332
2016,3,99.372,False,False,False,False,False,True,False,False,False,False,False,False,False,332
2014,7,170.352,False,False,True,False,False,False,False,False,False,False,False,True,False,332
2017,11,70.98,False,False,True,False,False,False,False,False,True,False,False,False,False,332
2016,7,177.45,True,False,False,False,False,False,False,False,True,False,False,False,False,333
2015,10,35.49,True,False,False,True,False,False,False,False,False,False,False,False,False,333
2016,3,241.332,False,False,False,False,False,False,False,False,True,False,False,False,False,333
2015,10,120.666,False,False,True,False,False,False,True,False,False,False,False,False,False,333
2014,1,141.96,False,False,False,False,False,False,False,False,True,False,False,False,False,333
2015,3,141.96,False,False,True,False,False,False,False,False,False,False,False,False,True,333
2016,9,198.744,False,False,False,False,False,False,False,False,False,False,False,False,False,334
2016,10,120.666,False,False,True,False,False,False,False,False,True,False,False,False,False,334
2017,4,482.664,False,False,True,False,False,False,False,False,False,False,False,True,False,334
2015,11,145.764,False,False,True,False,False,False,False,False,True,False,False,False,False,335
2017,4,220.2656,False,False,False,False,False,False,False,False,True,False,False,False,False,335
2016,4,388.704,True,False,False,False,False,False,False,True,False,False,False,False,False,335
2017,5,241.96,False,True,False,False,False,False,False,False,True,False,False,False,False,336
2015,9,411.332,False,False,True,False,False,False,False,False,False,False,True,False,False,336
2014,11,411.332,False,False,True,False,False,False,False,False,False,False,False,True,False,336
2015,7,195.466,False,False,True,False,False,False,False,False,True,False,False,False,False,337
2016,9,344.94,True,False,False,False,False,False,False,False,True,False,False,False,False,337
2016,8,156.3728,False,False,False,False,False,False,False,False,True,False,False,False,False,337
2017,12,459.92,False,False,False,False,False,False,False,False,True,False,False,False,False,337
2014,11,275.952,True,False,False,False,False,False,False,True,False,False,False,False,False,337
2017,11,183.968,True,False,False,False,False,False,False,True,False,False,False,False,False,337
2015,9,293.199,False,False,True,False,False,False,False,False,False,False,True,False,False,337
2016,12,781.864,False,False,False,False,False,True,False,False,False,False,False,False,False,338
2015,8,586.398,False,False,True,False,False,False,False,False,False,False,False,True,False,338
2015,9,61.96,False,True,False,False,False,False,False,False,True,False,False,False,False,339
2017,4,198.272,False,True,False,False,False,False,False,False,True,False,False,False,False,339
2014,1,61.96,True,False,False,False,False,False,False,False,False,True,False,False,False,339
2015,12,359.058,False,False,False,False,False,False,False,False,False,False,False,False,False,340
2017,6,435.999,False,False,True,False,False,False,True,False,False,False,False,False,False,340
2014,1,290.666,False,False,True,False,False,False,False,False,True,False,False,False,False,340
2016,11,341.96,False,False,False,False,False,False,False,False,True,False,False,False,False,340
2017,3,257.568,True,False,False,False,False,False,False,True,False,False,False,False,False,341
2016,9,273.666,False,False,True,False,False,False,False,False,True,False,False,False,False,341
2015,6,482.94,True,False,False,False,False,False,False,False,True,False,False,False,False,341
2016,1,451.136,False,True,False,False,False,False,False,False,True,False,False,False,False,342
2015,12,359.499,False,False,True,False,False,False,False,False,False,False,False,True,False,342
2017,11,359.499,False,False,True,False,False,False,False,False,False,False,False,True,False,342
2015,7,704.9,False,False,True,False,False,False,False,False,False,False,False,False,True,342
2014,5,290.666,False,False,True,False,False,False,True,False,False,False,False,False,False,343
2016,6,136.784,True,False,False,False,False,False,False,True,False,False,False,False,False,343
2015,3,359.058,False,False,False,False,False,False,False,False,True,False,False,False,False,343
2014,12,341.96,True,False,False,False,False,False,False,False,True,False,False,False,False,343
2014,11,1025.88,True,False,False,False,False,False,False,False,True,False,False,False,False,343
2017,5,623.4648,False,False,False,False,False,False,False,False,True,False,False,False,False,344
2017,2,89.0664,False,False,False,False,False,True,False,False,False,False,False,False,False,344
2014,11,222.666,False,False,True,False,False,False,False,False,False,False,False,True,False,344
2017,8,91.92,True,False,False,False,False,False,False,False,True,False,False,False,False,345
2016,12,183.84,False,False,True,False,False,False,True,False,False,False,False,False,False,345
2017,9,114.9,True,False,False,False,False,False,False,True,False,False,False,False,False,345
2017,6,14.224,False,False,False,False,False,False,False,False,False,False,False,False,False,346
2015,11,71.12,True,False,False,True,False,False,False,False,False,False,False,False,False,346
2015,9,106.68,False,False,True,False,False,False,True,False,False,False,False,False,False,346
2015,1,53.34,False,False,False,False,False,False,False,False,True,False,False,False,False,346
2016,4,71.12,False,False,False,False,False,False,False,False,True,False,False,False,False,346
2016,10,45.568,False,True,False,False,False,False,False,False,True,False,False,False,False,347
2014,9,142.4,False,True,False,False,False,False,False,False,True,False,False,False,False,347
2014,6,56.96,True,False,False,False,False,False,False,True,False,False,False,False,False,347
2015,12,113.92,True,False,False,False,False,False,False,True,False,False,False,False,False,347
2016,12,22.784,False,False,True,False,False,False,False,False,True,False,False,False,False,347
2014,8,85.44,False,False,True,False,False,False,False,False,False,False,False,True,False,347
2014,9,117.36,True,False,False,False,False,False,False,True,False,False,False,False,False,348
2017,8,88.02,True,False,False,False,False,False,False,True,False,False,False,False,False,348
2017,12,58.68,True,False,False,False,False,False,False,True,False,False,False,False,False,348
2014,10,93.888,True,False,False,False,False,False,False,False,True,False,False,False,False,348
2017,8,64.96,False,False,False,False,False,False,False,False,False,False,False,False,False,349
2015,12,77.952,False,True,False,False,False,False,False,False,True,False,False,False,False,349
2014,9,103.936,True,False,False,False,False,False,False,False,False,True,False,False,False,349
2014,10,129.92,True,False,False,False,False,False,False,False,False,True,False,False,False,349
2017,4,64.96,False,False,True,False,False,False,False,False,False,False,False,True,False,349
2015,6,60.84,False,True,False,False,False,False,False,False,True,False,False,False,False,350
2015,6,48.672,False,True,False,False,False,False,False,False,True,False,False,False,False,350
2014,9,40.56,False,False,False,False,False,False,False,False,True,False,False,False,False,350
2015,9,60.84,False,False,True,False,False,False,False,False,True,False,False,False,False,350
2016,3,354.9,True,False,False,False,False,False,False,False,True,False,False,False,False,351
2016,9,347.802,False,False,False,False,False,False,False,False,True,False,False,False,False,351
2015,3,99.372,True,False,False,False,False,False,False,False,True,False,False,False,False,351
2014,6,170.352,False,True,False,False,False,False,False,False,True,False,False,False,False,351
2014,7,63.882,True,False,False,False,False,False,False,False,True,False,False,False,False,351
2016,9,99.372,True,False,False,True,False,False,False,False,False,False,False,False,False,351
2015,12,283.92,False,True,False,False,False,False,False,False,True,False,False,False,False,351
2015,11,283.92,False,False,True,False,False,False,False,False,True,False,False,False,False,351
2015,5,127.764,True,False,False,False,False,False,False,True,False,False,False,False,False,351
2016,11,347.802,True,False,False,False,False,False,False,False,False,True,False,False,False,351
2017,7,198.744,True,False,False,False,False,False,False,False,False,True,False,False,False,351
2016,12,248.43,False,False,False,False,False,False,False,False,True,False,False,False,False,351
2017,5,681.408,False,False,True,False,False,False,False,False,False,False,False,True,False,351
2017,12,141.96,False,True,False,False,False,False,False,False,True,False,False,False,False,351
2017,6,191.646,True,False,False,False,False,False,False,False,True,False,False,False,False,351
2015,7,4.928,False,True,False,False,False,False,False,False,True,False,False,False,False,352
2017,3,21.56,False,False,True,False,False,False,False,False,True,False,False,False,False,352
2015,7,4.928,False,True,False,False,False,False,False,False,True,False,False,False,False,352
2015,12,6.16,False,True,False,False,False,False,False,False,True,False,False,False,False,352
2017,4,12.32,False,True,False,False,False,False,False,False,True,False,False,False,False,352
2014,12,6.16,False,False,True,False,False,False,False,False,False,False,True,False,False,352
2017,9,9.24,False,False,True,False,False,False,False,False,False,False,False,True,False,352
2016,6,12.544,False,False,False,False,False,False,False,False,True,False,False,False,False,353
2017,6,17.92,True,False,False,False,False,False,False,False,True,False,False,False,False,353
2014,4,8.96,False,True,False,False,False,False,False,False,True,False,False,False,False,353
2017,10,7.168,True,False,False,False,False,False,False,False,False,True,False,False,False,353
2014,9,9.96,False,False,False,False,False,False,False,False,True,False,False,False,False,354
2017,2,3.984,False,False,False,False,False,True,False,False,False,False,False,False,False,354
2016,4,9.96,True,False,False,False,False,False,False,False,True,False,False,False,False,354
2016,11,19.92,True,False,False,False,False,False,False,False,True,False,False,False,False,354
2014,6,3.984,True,False,False,False,False,False,False,False,False,True,False,False,False,354
2014,12,24.9,False,False,True,False,False,False,False,False,False,False,False,True,False,354
2014,11,23.88,False,False,True,False,False,False,False,False,True,False,False,False,False,355
2016,6,11.688,False,False,False,False,False,False,False,False,False,False,False,False,False,355
2015,12,29.22,False,False,True,False,False,False,False,False,True,False,False,False,False,355
2017,12,19.104,False,True,False,False,False,False,False,False,True,False,False,False,False,355
2017,12,15.92,False,False,False,False,False,False,False,False,True,False,False,False,False,355
2016,7,9.552,False,False,False,False,False,True,False,False,False,False,False,False,False,355
2016,8,9.552,False,False,False,False,False,True,False,False,False,False,False,False,False,355
2014,11,6.368,False,False,False,False,False,False,False,False,True,False,False,False,False,355
2017,6,31.168,False,True,False,False,False,False,False,False,True,False,False,False,False,355
2016,5,63.68,True,False,False,False,False,False,False,True,False,False,False,False,False,355
2017,4,25.472,True,False,False,False,False,False,False,False,False,True,False,False,False,355
2015,11,29.22,False,False,False,False,False,False,False,False,True,False,False,False,False,355
2014,7,77.92,False,False,True,False,False,False,False,False,False,False,False,True,False,355
2017,7,23.88,False,False,True,False,False,False,False,False,False,False,False,False,True,355
2017,12,23.376,False,False,True,False,False,False,False,False,True,False,False,False,False,355
2015,5,22.288,False,False,False,False,False,False,False,False,True,False,False,False,False,355
2017,5,7.996,False,False,False,False,False,False,False,False,True,False,False,False,False,356
2017,11,15.992,False,False,False,False,False,False,False,False,True,False,False,False,False,356
2017,6,31.984,False,True,False,False,False,False,False,False,True,False,False,False,False,356
2017,11,15.992,False,True,False,False,False,False,False,False,True,False,False,False,False,356
2016,9,39.98,True,False,False,False,False,False,False,True,False,False,False,False,False,356
2014,9,31.984,False,True,False,False,False,False,False,False,True,False,False,False,False,356
2016,9,83.952,False,False,False,False,False,False,False,False,True,False,False,False,False,357
2015,9,55.968,False,True,False,False,False,False,False,False,True,False,False,False,False,357
2016,10,139.92,False,False,False,False,False,False,False,False,True,False,False,False,False,357
2015,4,209.88,False,True,False,False,False,False,False,False,True,False,False,False,False,357
2016,11,209.88,False,False,True,False,False,False,False,False,False,False,False,False,True,357
2017,11,139.92,False,False,True,False,False,False,False,False,False,False,False,False,True,357
2017,12,629.64,False,False,True,False,False,False,False,False,True,False,False,False,False,357
2017,12,508.704,False,False,True,False,False,False,False,False,True,False,False,False,False,358
2016,5,211.96,True,False,False,False,False,False,False,False,True,False,False,False,False,358
2017,11,339.136,False,True,False,False,False,False,False,False,True,False,False,False,False,358
2015,8,254.352,True,False,False,False,False,False,False,False,False,True,False,False,False,358
2017,4,254.352,True,False,False,False,False,False,False,False,False,True,False,False,False,358
2016,10,169.568,False,False,True,False,False,False,False,False,True,False,False,False,False,358
2017,9,529.9,False,False,True,False,False,False,False,False,False,False,False,True,False,358
2014,11,410.352,False,True,False,False,False,False,False,False,True,False,False,False,False,359
2014,11,273.568,True,False,False,False,False,False,False,False,False,True,False,False,False,359
2015,4,547.136,True,False,False,False,False,False,False,False,False,True,False,False,False,359
2015,12,547.136,True,False,False,False,False,False,False,False,False,True,False,False,False,359
2017,11,341.96,False,False,False,False,False,False,False,False,True,False,False,False,False,359
2015,4,1196.86,False,True,False,False,False,False,False,False,True,False,False,False,False,359
2015,12,275.88,False,True,False,True,False,False,False,False,False,False,False,False,False,360
2017,2,91.96,False,False,True,False,False,False,False,False,True,False,False,False,False,360
2014,4,91.96,False,False,True,False,False,False,True,False,False,False,False,False,False,360
2016,1,45.98,True,False,False,False,False,False,False,True,False,False,False,False,False,360
2017,7,183.92,True,False,False,False,False,False,False,True,False,False,False,False,False,360
2015,3,91.96,False,False,True,False,False,False,False,False,False,False,True,False,False,360
2017,4,220.704,False,True,False,False,False,False,False,False,True,False,False,False,False,360
2015,12,212.13,False,False,False,False,True,False,False,False,False,False,False,False,False,361
2014,12,56.568,False,False,False,False,False,False,False,False,True,False,False,False,False,361
2017,1,141.42,False,False,False,False,False,False,False,False,True,False,False,False,False,361
2016,5,282.84,False,False,True,False,False,False,True,False,False,False,False,False,False,361
2014,9,70.71,True,False,False,False,False,False,False,False,True,False,False,False,False,361
2016,11,242.176,False,False,False,False,False,False,False,False,True,False,False,False,False,362
2016,7,302.72,False,False,False,False,False,False,False,False,True,False,False,False,False,362
2016,10,756.8,True,False,False,False,False,False,False,False,True,False,False,False,False,362
2016,11,756.8,False,True,False,False,False,False,False,False,True,False,False,False,False,362
2017,9,47.94,False,False,True,False,False,False,True,False,False,False,False,False,False,363
2016,12,31.96,False,False,True,False,False,False,False,False,True,False,False,False,False,363
2014,10,63.92,False,False,True,False,False,False,False,False,False,False,False,False,True,363
2016,11,31.96,False,False,True,False,False,False,False,False,False,False,False,False,True,363
2014,10,129.92,False,True,False,False,False,False,False,False,True,False,False,False,False,364
2014,12,38.976,False,False,False,False,False,False,False,False,False,False,False,False,False,364
2017,4,77.952,False,True,False,False,False,False,False,False,True,False,False,False,False,364
2015,11,64.96,False,False,False,False,False,True,False,False,False,False,False,False,False,364
2017,8,129.92,False,False,True,False,False,False,False,False,True,False,False,False,False,364
2015,8,25.984,True,False,False,False,False,False,False,False,True,False,False,False,False,364
2016,1,322.59,True,False,False,False,False,False,False,False,True,False,False,False,False,365
2015,11,322.59,True,False,False,False,False,False,False,False,True,False,False,False,False,365
2017,2,107.53,False,False,True,False,False,False,False,False,False,False,False,False,True,365
2017,4,258.072,False,True,False,False,False,False,False,False,True,False,False,False,False,365
2015,5,51.56,False,False,False,False,False,False,False,False,False,False,False,False,False,366
2017,12,128.9,False,False,True,False,False,False,False,False,True,False,False,False,False,366
2017,8,121.3,False,False,False,True,False,False,False,False,False,False,False,False,False,367
2015,10,72.78,False,False,False,False,False,False,False,False,True,False,False,False,False,367
2017,7,545.85,False,False,True,False,False,False,False,False,True,False,False,False,False,367
2015,4,97.04,False,True,False,False,False,False,False,False,True,False,False,False,False,367
2017,12,181.95,True,False,False,False,False,False,False,False,True,False,False,False,False,367
2014,4,303.25,False,False,True,False,False,False,False,False,True,False,False,False,False,367
2017,11,113.568,False,False,True,False,False,False,False,False,True,False,False,False,False,368
2015,8,212.94,False,False,False,False,False,False,False,False,True,False,False,False,False,368
2015,11,141.96,False,False,True,False,False,False,False,False,False,False,False,False,True,368
2015,5,41.568,True,False,False,True,False,False,False,False,False,False,False,False,False,369
2015,11,38.97,True,False,False,False,False,False,False,False,True,False,False,False,False,369
2017,12,12.99,True,False,False,False,False,False,False,False,True,False,False,False,False,369
2015,9,67.96,False,True,False,False,False,False,False,False,True,False,False,False,False,370
2017,12,13.592,False,False,False,False,False,True,False,False,False,False,False,False,False,370
2017,11,50.97,True,False,False,False,False,False,False,True,False,False,False,False,False,370
2017,5,13.592,False,False,True,False,False,False,False,False,True,False,False,False,False,370
2015,9,44.67,False,False,True,False,False,False,False,False,True,False,False,False,False,371
2017,2,44.67,False,False,True,False,False,False,True,False,False,False,False,False,False,371
2017,4,74.45,True,False,False,False,False,False,False,False,True,False,False,False,False,371
2014,11,89.34,True,False,False,False,False,False,False,True,False,False,False,False,False,371
2017,3,29.78,True,False,False,False,False,False,False,True,False,False,False,False,False,371
2014,7,134.01,False,False,True,False,False,False,False,False,True,False,False,False,False,371
2015,8,104.23,False,False,True,False,False,False,False,False,True,False,False,False,False,371
2017,7,14.89,True,False,False,False,False,False,False,False,True,False,False,False,False,371
2017,12,99.95,False,False,False,False,False,False,False,False,True,False,False,False,False,372
2017,7,39.98,True,False,False,False,False,False,False,False,True,False,False,False,False,372
2014,7,31.984,True,False,False,False,False,False,False,False,False,True,False,False,False,372
2017,9,127.936,True,False,False,False,False,False,False,False,False,True,False,False,False,372
2015,11,63.824,True,False,False,False,False,False,False,False,True,False,False,False,False,373
2016,4,79.12,False,True,False,False,False,False,False,False,True,False,False,False,False,374
2017,12,79.12,True,False,False,False,False,False,False,False,False,True,False,False,False,374
2016,9,94.68,False,False,True,False,False,False,True,False,False,False,False,False,False,375
2014,1,25.248,False,True,False,False,False,False,False,False,True,False,False,False,False,375
2016,11,50.496,False,True,False,False,False,False,False,False,True,False,False,False,False,375
2015,8,31.56,False,False,True,False,False,False,False,False,True,False,False,False,False,375
2016,4,31.56,False,False,True,False,False,False,False,False,False,False,False,True,False,375
2016,11,31.56,True,False,False,False,False,False,False,False,True,False,False,False,False,375
2016,1,54.992,True,False,False,True,False,False,False,False,False,False,False,False,False,376
2015,9,15.712,False,True,False,False,False,False,False,False,True,False,False,False,False,376
2014,12,9.82,True,False,False,False,False,False,False,False,True,False,False,False,False,376
2017,9,9.82,True,False,False,False,False,False,False,True,False,False,False,False,False,376
2015,5,14.73,False,False,True,False,False,False,False,False,False,False,False,True,False,376
2014,12,29.46,False,True,False,False,False,False,False,False,True,False,False,False,False,376
2014,1,14.73,False,False,False,False,False,False,False,False,True,False,False,False,False,376
2017,3,6.696,True,False,False,False,False,False,False,False,True,False,False,False,False,377
2014,7,16.74,False,False,False,False,False,False,False,False,True,False,False,False,False,377
2015,5,75.33,False,False,False,False,True,False,False,False,False,False,False,False,False,377
2016,3,16.74,False,False,False,False,False,False,False,False,True,False,False,False,False,377
2016,12,33.48,False,False,False,False,False,False,False,False,True,False,False,False,False,377
2016,10,41.85,False,False,False,False,False,False,False,False,True,False,False,False,False,377
2017,4,25.11,False,False,True,False,False,False,True,False,False,False,False,False,False,377
2014,10,46.872,False,False,True,False,False,False,False,False,True,False,False,False,False,377
2016,12,16.74,False,False,True,False,False,False,False,False,False,False,False,True,False,377
2015,9,47.98,False,True,False,False,False,False,False,False,True,False,False,False,False,378
2017,7,23.99,False,True,False,True,False,False,False,False,False,False,False,False,False,378
2014,12,23.99,False,False,True,False,False,False,True,False,False,False,False,False,False,378
2017,3,71.97,True,False,False,False,False,False,False,True,False,False,False,False,False,378
2017,10,56.56,True,False,False,False,False,False,False,False,True,False,False,False,False,379
2016,3,28.28,False,False,True,False,False,False,False,False,False,False,False,True,False,379
